duty_date,region,pharmacy_name,source_page
2026-09-28,LEFKOSA,HARİKA OTAĞ ECZANESİ,18
2026-09-28,LEFKOSA,YEŞİM ECZANESİ,18
2026-09-28,LEFKOSA,HAZAL REİS ECZANESİ,18
2026-09-28,MAGUSA,HALİL HAMZALAR ECZANESİ,18
2026-09-28,MAGUSA,OSMANKAN ECZANESİ,18
2026-09-28,GIRNE,NURÇAĞ ECZANESİ,18
2026-09-28,GIRNE,SHİMA ECZANESİ,18
2026-09-28,GIRNE,ZEHRA KELEBEK ECZANESİ,18
2026-09-28,GUZELYURT,İLKİN SADRAZAM ECZANESİ,18
2026-09-28,LEFKE,DERVİŞ KUTRET ECZANESİ,18
2026-09-28,ISKELE,PERTEV ZEKİ ECZANESİ,18
2026-09-28,KARPAZ_1,SAKINER ECZANESİ,82
2026-09-28,KARPAZ_2,FATMA KAHYAOĞLU ECZANESİ,82
2026-09-29,LEFKOSA,HALKSEVER ECZANESİ,18
2026-09-29,LEFKOSA,GÜLİSTAN ARICI ECZANESİ,18
2026-09-29,LEFKOSA,ŞİRİN BOLKAN ECZANESİ,18
2026-09-29,MAGUSA,FAYDALI ECZANESİ,18
2026-09-29,MAGUSA,ÇAĞKAN AKSOY ECZANESİ,18
2026-09-29,GIRNE,ALENBAY ECZANESİ,18
2026-09-29,GIRNE,KANDİL ECZANESİ,18
2026-09-29,GIRNE,AYDINLİFE ALSANCAK ECZANESİ,18
2026-09-29,GUZELYURT,İNCİ ECZANESİ,18
2026-09-29,LEFKE,DİLAN PUL ECZANESİ,18
2026-09-29,ISKELE,NALAN ECZANESİ,18
2026-09-29,KARPAZ_1,BESİM SEVİNDİK ECZANESİ,82
2026-09-29,KARPAZ_2,MELEK İBRAHİM ECZANESİ,82
2026-09-30,LEFKOSA,ERSAĞ ECZANESİ,18
2026-09-30,LEFKOSA,SERPİN ONAY ECZANESİ,18
2026-09-30,LEFKOSA,KEZİBAN TİLKİ ECZANESİ,18
2026-09-30,MAGUSA,GİZEM KARAHASAN ECZANESİ,18
2026-09-30,MAGUSA,ÖZNERGİS ECZANESİ,18
2026-09-30,GIRNE,POSTACIOĞLU ECZANESİ,18
2026-09-30,GIRNE,AŞAR KARAOĞLANOĞLU ECZANESİ,18
2026-09-30,GIRNE,AHMET ÇAĞER ECZANESİ,18
2026-09-30,GUZELYURT,NİLGÜN ECZANESİ,18
2026-09-30,LEFKE,ŞİFA BİLDİR ECZANESİ,18
2026-09-30,ISKELE,SULTAN TOPEL ECZANESİ,18
2026-09-30,KARPAZ_1,KARPAZIN ECZANESİ,82
2026-09-30,KARPAZ_2,OLGUN KAHYAOĞLU ECZANESİ,82
2026-10-01,LEFKOSA,OBA 2 ECZANESİ,18
2026-10-01,LEFKOSA,YUSUF TANDOĞAN ECZANESİ,18
2026-10-01,LEFKOSA,DAMLA KARDÜZ ECZANESİ,18
2026-10-01,MAGUSA,FUNDA ERSÖZLÜ ECZANESİ,18
2026-10-01,MAGUSA,REZAN ECZANESİ,18
2026-10-01,GIRNE,SELİN ESER ECZANESİ,18
2026-10-01,GIRNE,RIZKI ECZANESİ,18
2026-10-01,GIRNE,BARIŞ ECZANESİ,18
2026-10-01,GUZELYURT,PEMBE SADIKOĞLU ECZANESİ,18
2026-10-01,LEFKE,ALTINCI ECZANESİ,18
2026-10-01,ISKELE,SÜNMEZ ECZANESİ,18
2026-10-01,KARPAZ_1,ERENKÖY ECZANESİ,82
2026-10-01,KARPAZ_2,FATMA KAHYAOĞLU ECZANESİ,82
2026-10-02,LEFKOSA,DAĞMAN ECZANESİ,18
2026-10-02,LEFKOSA,DEREBOYU ECZANESİ,18
2026-10-02,LEFKOSA,SERKAN KERVAN ECZANESİ,18
2026-10-02,MAGUSA,KARAKOL ECZANESİ,18
2026-10-02,MAGUSA,ODUNCUOĞLU ECZANESİ,18
2026-10-02,GIRNE,DÜNYA ECZANESİ,18
2026-10-02,GIRNE,RIZKI 2 ECZANESİ,18
2026-10-02,GIRNE,NAZIM VARIŞ ECZANESİ,18
2026-10-02,GUZELYURT,RESMİYE ESE ECZANESİ,18
2026-10-02,LEFKE,OSMAN ULUŞAN ECZANESİ,18
2026-10-02,ISKELE,SEVİLAY PIRLANTA ECZANESİ,18
2026-10-02,KARPAZ_1,SAKINER ECZANESİ,82
2026-10-02,KARPAZ_2,MELEK İBRAHİM ECZANESİ,82
2026-10-03,LEFKOSA,GÜLİZAR ÖZTEKNİK ECZANESİ,18
2026-10-03,LEFKOSA,FATMA AŞİNA ECZANESİ,18
2026-10-03,LEFKOSA,EMEL ATAÇAĞ ECZANESİ,18
2026-10-03,MAGUSA,SAKARYA ECZANESİ,18
2026-10-03,MAGUSA,UZAY ECZANESİ,18
2026-10-03,GIRNE,ENVER POLİLİ ECZANESİ,18
2026-10-03,GIRNE,ARDA ÇELİK ECZANESİ,18
2026-10-03,GIRNE,SALİM KARABEKİR ECZANESİ,18
2026-10-03,GUZELYURT,SEDEF SONAT ECZANESİ,18
2026-10-03,LEFKE,ULUS ECZANESİ,18
2026-10-03,ISKELE,AVİCENNA ECZANESİ,18
2026-10-03,UST_MESARYA,GÖNÜL GÜRDAĞ ECZANESİ,78
2026-10-03,ALT_MESARYA,DÖRTYOL ECZANESİ,78
2026-10-03,KARPAZ_1,BESİM SEVİNDİK ECZANESİ,82
2026-10-03,KARPAZ_2,OLGUN KAHYAOĞLU ECZANESİ,82
2026-10-04,LEFKOSA,MERVE BİLLUR ECZANESİ,18
2026-10-04,LEFKOSA,SÜHEYLA AŞAN ECZANESİ,18
2026-10-04,LEFKOSA,BUSE AVCI ECZANESİ,18
2026-10-04,MAGUSA,RANA YONTAR ECZANESİ,18
2026-10-04,MAGUSA,VEZİROĞLU ECZANESİ,18
2026-10-04,GIRNE,ILGEN ECZANESİ,18
2026-10-04,GIRNE,AYLAND ECZANESİ,18
2026-10-04,GIRNE,MARYAM ECZANESİ,18
2026-10-04,GUZELYURT,SERCAN AVCI ECZANESİ,18
2026-10-04,LEFKE,SIDIKA UMAR ECZANESİ,18
2026-10-04,ISKELE,ERDEM SURURİ ECZANESİ,18
2026-10-04,UST_MESARYA,GÜLTEN VELİ ECZANESİ,78
2026-10-04,ALT_MESARYA,GÜNER BİNBOĞA ECZANESİ,78
2026-10-04,KARPAZ_1,KARPAZIN ECZANESİ,82
2026-10-04,KARPAZ_2,FATMA KAHYAOĞLU ECZANESİ,82
2026-10-05,LEFKOSA,SERNA ECZANESİ,18
2026-10-05,LEFKOSA,EBRU BAŞAY ECZANESİ,18
2026-10-05,LEFKOSA,ARASTA ECZANESİ,18
2026-10-05,MAGUSA,GÜZER ECZANESİ,18
2026-10-05,MAGUSA,EMİR ECZANESİ,18
2026-10-05,GIRNE,EDA ATAÇAĞ ECZANESİ,18
2026-10-05,GIRNE,TÖRENSEL ECZANESİ,18
2026-10-05,GIRNE,ASRIN ÜMİT ECZANESİ,18
2026-10-05,GUZELYURT,SEVİL ECZANESİ,18
2026-10-05,LEFKE,AYŞE ALTINTUĞ ECZANESİ,18
2026-10-05,ISKELE,İSKELE ECZANESİ,18
2026-10-05,KARPAZ_1,ERENKÖY ECZANESİ,82
2026-10-05,KARPAZ_2,MELEK İBRAHİM ECZANESİ,82
2026-10-06,LEFKOSA,FULDEN DONANGİL ECZANESİ,19
2026-10-06,LEFKOSA,ERTUNGA ECZANESİ,19
2026-10-06,LEFKOSA,SEVGİ KARABEKİR ECZANESİ,19
2026-10-06,MAGUSA,BURCU GÖKALP ECZANESİ,19
2026-10-06,MAGUSA,MELİKE DEMİRSÖZ ECZANESİ,19
2026-10-06,GIRNE,MELİSA İŞİMTEKİN ECZANESİ,19
2026-10-06,GIRNE,MELİZ 2 ECZANESİ,19
2026-10-06,GIRNE,ZEHRA KELEBEK ECZANESİ,19
2026-10-06,GUZELYURT,ŞİFA SİPERCİ ECZANESİ,19
2026-10-06,LEFKE,ALTINCI ECZANESİ,19
2026-10-06,ISKELE,SULTAN TOPEL ECZANESİ,19
2026-10-06,KARPAZ_1,SAKINER ECZANESİ,82
2026-10-06,KARPAZ_2,OLGUN KAHYAOĞLU ECZANESİ,82
2026-10-07,LEFKOSA,AHMET MISIRLI ECZANESİ,19
2026-10-07,LEFKOSA,ŞERİFE ADEMOĞULLARI ECZANESİ,19
2026-10-07,LEFKOSA,ÇELER ECZANESİ,19
2026-10-07,MAGUSA,ZERİN VOLKAN ECZANESİ,19
2026-10-07,MAGUSA,ÖREN ECZANESİ,19
2026-10-07,GIRNE,SEVİN ÇAĞAY ECZANESİ,19
2026-10-07,GIRNE,MEHMET GAZİ KÖYLÜ ECZANESİ,19
2026-10-07,GIRNE,PINAR KEKLİK ECZANESİ,19
2026-10-07,GUZELYURT,SÜREYYA ÖZCOŞKUN ECZANESİ,19
2026-10-07,LEFKE,DİLAN PUL ECZANESİ,19
2026-10-07,ISKELE,NALAN ECZANESİ,19
2026-10-07,KARPAZ_1,BESİM SEVİNDİK ECZANESİ,82
2026-10-07,KARPAZ_2,FATMA KAHYAOĞLU ECZANESİ,82
2026-10-08,LEFKOSA,YONCA HATİPOĞLU ECZANESİ,19
2026-10-08,LEFKOSA,NECATİBEY ECZANESİ,19
2026-10-08,LEFKOSA,DENİZ ÇORBA ECZANESİ,19
2026-10-08,MAGUSA,ECE ECZANESİ,19
2026-10-08,MAGUSA,NADİRE GÖKALP ECZANESİ,19
2026-10-08,GIRNE,SETENAY BENGİSU ECZANESİ,19
2026-10-08,GIRNE,ZİYA SENCER ECZANESİ,19
2026-10-08,GIRNE,ŞİFALI ECZANESİ,19
2026-10-08,GUZELYURT,UYUMSAL ECZANESİ,19
2026-10-08,LEFKE,OSMAN ULUŞAN ECZANESİ,19
2026-10-08,ISKELE,PERTEV ZEKİ ECZANESİ,19
2026-10-08,KARPAZ_1,KARPAZIN ECZANESİ,82
2026-10-08,KARPAZ_2,MELEK İBRAHİM ECZANESİ,82
2026-10-09,LEFKOSA,LAİKA GÖKÇEKUŞ ECZANESİ,19
2026-10-09,LEFKOSA,ÇİSE YILDIRIM ECZANESİ,19
2026-10-09,LEFKOSA,SONUÇ ECZANESİ,19
2026-10-09,MAGUSA,ZEYNEP ECZANESİ,19
2026-10-09,MAGUSA,ÖZGE KALE ECZANESİ,19
2026-10-09,GIRNE,ERDOĞAN ÖZİKİZ ECZANESİ,19
2026-10-09,GIRNE,DİLARA ÖZHAMİT ECZANESİ,19
2026-10-09,GIRNE,SOYERLER ECZANESİ,19
2026-10-09,GUZELYURT,CAMCIOĞLU ECZANESİ,19
2026-10-09,LEFKE,DERVİŞ KUTRET ECZANESİ,19
2026-10-09,ISKELE,SELİN ECZANESİ,19
2026-10-09,KARPAZ_1,ERENKÖY ECZANESİ,82
2026-10-09,KARPAZ_2,OLGUN KAHYAOĞLU ECZANESİ,82
2026-10-10,LEFKOSA,AZİZ GÜZELER ECZANESİ,19
2026-10-10,LEFKOSA,NERGİS ECZANESİ,19
2026-10-10,LEFKOSA,ÇAĞIN KORKMAZER ECZANESİ,19
2026-10-10,MAGUSA,TANYA SALİMER ECZANESİ,19
2026-10-10,MAGUSA,VELİ NURLUÖZ ECZANESİ,19
2026-10-10,GIRNE,EMİNAĞA ECZANESİ,19
2026-10-10,GIRNE,KARAOĞLANOĞLU ECZANESİ,19
2026-10-10,GIRNE,AHMET ÇAĞER ECZANESİ,19
2026-10-10,GUZELYURT,AYCAN ECZANESİ,19
2026-10-10,LEFKE,HATİCE SOYER ECZANESİ,19
2026-10-10,ISKELE,BUSE ULUÇAY ECZANESİ,19
2026-10-10,UST_MESARYA,MELİZ ECZANESİ,78
2026-10-10,ALT_MESARYA,GÜRSOY ECZANESİ,78
2026-10-10,KARPAZ_1,SAKINER ECZANESİ,82
2026-10-10,KARPAZ_2,FATMA KAHYAOĞLU ECZANESİ,82
2026-10-11,LEFKOSA,İZEM ECZANESİ,19
2026-10-11,LEFKOSA,ZEHRA ECZANESİ,19
2026-10-11,LEFKOSA,EMİNE KESKİN ECZANESİ,19
2026-10-11,MAGUSA,HANDE BESMEL ECZANESİ,19
2026-10-11,MAGUSA,MEVA ECZANESİ,19
2026-10-11,GIRNE,BUĞÇE ECZANESİ,19
2026-10-11,GIRNE,MEHMET KAMİLOĞLU ECZANESİ,19
2026-10-11,GIRNE,AYŞEN ALTAN ECZANESİ,19
2026-10-11,GUZELYURT,AŞAR ECZANESİ,19
2026-10-11,LEFKE,İLKSEN ECZANESİ,19
2026-10-11,ISKELE,MEVLÜT KAÇMAZ ECZANESİ,19
2026-10-11,UST_MESARYA,SERDARLI ECZANESİ,78
2026-10-11,ALT_MESARYA,HOCANIN ECZANESİ,78
2026-10-11,KARPAZ_1,BESİM SEVİNDİK ECZANESİ,82
2026-10-11,KARPAZ_2,MELEK İBRAHİM ECZANESİ,82
2026-10-12,LEFKOSA,SEVCAN ECZANESİ,19
2026-10-12,LEFKOSA,HÜSEYİN SAKALLI ECZANESİ,19
2026-10-12,LEFKOSA,SEV ECZANESİ,19
2026-10-12,MAGUSA,NASİM ECZANESİ,19
2026-10-12,MAGUSA,ULUÇAY ECZANESİ,19
2026-10-12,GIRNE,NESRİN HATİPOĞLU ECZANESİ,19
2026-10-12,GIRNE,SOYERLER 1 ECZANESİ,19
2026-10-12,GIRNE,AYDINLİFE ALSANCAK ECZANESİ,19
2026-10-12,GUZELYURT,DOĞUŞ TÜRKBAYOĞLU ECZANESİ,19
2026-10-12,LEFKE,ULUS ECZANESİ,19
2026-10-12,ISKELE,AVİCENNA ECZANESİ,19
2026-10-12,KARPAZ_1,KARPAZIN ECZANESİ,82
2026-10-12,KARPAZ_2,OLGUN KAHYAOĞLU ECZANESİ,82
2026-10-13,LEFKOSA,UMUT ÖKSÜZ ECZANESİ,19
2026-10-13,LEFKOSA,BERKE SEMERCİ ECZANESİ,19
2026-10-13,LEFKOSA,ORHAN BERKE ECZANESİ,19
2026-10-13,MAGUSA,ASLI EREN ECZANESİ,19
2026-10-13,MAGUSA,HİÇKORKMAZ ECZANESİ,19
2026-10-13,GIRNE,MELİS UZUN ECZANESİ,19
2026-10-13,GIRNE,GÜNDAL ECZANESİ,19
2026-10-13,GIRNE,ÖZENİR ECZANESİ,19
2026-10-13,GUZELYURT,EMİNE ŞENTÜRK ECZANESİ,19
2026-10-13,LEFKE,ŞİFA BİLDİR ECZANESİ,19
2026-10-13,ISKELE,GÖKBERK ALP YAKAR ECZANESİ,19
2026-10-13,KARPAZ_1,ERENKÖY ECZANESİ,82
2026-10-13,KARPAZ_2,FATMA KAHYAOĞLU ECZANESİ,82
2026-10-14,LEFKOSA,KERMİYA ECZANESİ,19
2026-10-14,LEFKOSA,BİLGE TÜRKSEVEN ECZANESİ,19
2026-10-14,LEFKOSA,EREN ECZANESİ,19
2026-10-14,MAGUSA,TURGUT KORHAN ECZANESİ,19
2026-10-14,MAGUSA,İNEM MİMAR ECZANESİ,19
2026-10-14,GIRNE,TÖREN 2 ECZANESİ,19
2026-10-14,GIRNE,MUCİZEM ECZANESİ,19
2026-10-14,GIRNE,BARIŞ ECZANESİ,19
2026-10-14,GUZELYURT,ERİN ECZANESİ,19
2026-10-14,LEFKE,SIDIKA UMAR ECZANESİ,19
2026-10-14,ISKELE,ÖZBİRTAN ECZANESİ,19
2026-10-14,KARPAZ_1,SAKINER ECZANESİ,82
2026-10-14,KARPAZ_2,MELEK İBRAHİM ECZANESİ,82
2026-10-15,LEFKOSA,ÖZNEM KILINÇKINI ECZANESİ,20
2026-10-15,LEFKOSA,ALPDOĞAN ECZANESİ,20
2026-10-15,LEFKOSA,YENİŞEHİR ECZANESİ,20
2026-10-15,MAGUSA,SEMAHAT ATAYOL ECZANESİ,20
2026-10-15,MAGUSA,İÇTEN ECZANESİ,20
2026-10-15,GIRNE,KÜÇÜK ECZANESİ,20
2026-10-15,GIRNE,KANDİL ECZANESİ,20
2026-10-15,GIRNE,SALİM KARABEKİR ECZANESİ,20
2026-10-15,GUZELYURT,GİLANLI ECZANESİ,20
2026-10-15,LEFKE,DERVİŞ KUTRET ECZANESİ,20
2026-10-15,ISKELE,PERTEV ZEKİ ECZANESİ,20
2026-10-15,KARPAZ_1,BESİM SEVİNDİK ECZANESİ,82
2026-10-15,KARPAZ_2,OLGUN KAHYAOĞLU ECZANESİ,82
2026-10-16,LEFKOSA,DİLAY MENEKAY ECZANESİ,20
2026-10-16,LEFKOSA,BEHAYİ YILMABAŞAR ECZANESİ,20
2026-10-16,LEFKOSA,GÜLNUR ECZANESİ,20
2026-10-16,MAGUSA,SÜMER ECZANESİ,20
2026-10-16,MAGUSA,ASYA TEKBIYIK ECZANESİ,20
2026-10-16,GIRNE,TURGAY PARALI ECZANESİ,20
2026-10-16,GIRNE,SHİMA ECZANESİ,20
2026-10-16,GIRNE,MARYAM ECZANESİ,20
2026-10-16,GUZELYURT,İNCİ ECZANESİ,20
2026-10-16,LEFKE,HATİCE SOYER ECZANESİ,20
2026-10-16,ISKELE,İSKELE ECZANESİ,20
2026-10-16,KARPAZ_1,KARPAZIN ECZANESİ,82
2026-10-16,KARPAZ_2,FATMA KAHYAOĞLU ECZANESİ,82
2026-10-17,LEFKOSA,DİMAY KAĞCAN ECZANESİ,20
2026-10-17,LEFKOSA,ADAHAN ECZANESİ,20
2026-10-17,LEFKOSA,İSMET ECZANESİ,20
2026-10-17,MAGUSA,NİLHAN SOYSAL ECZANESİ,20
2026-10-17,MAGUSA,ERTUĞ EMİN ECZANESİ,20
2026-10-17,GIRNE,GÜNAY VARIŞ ECZANESİ,20
2026-10-17,GIRNE,CENGİZ SOLMAZ ECZANESİ,20
2026-10-17,GIRNE,PINAR KEKLİK ECZANESİ,20
2026-10-17,GUZELYURT,İLKİN SADRAZAM ECZANESİ,20
2026-10-17,LEFKE,ŞİFA BİLDİR ECZANESİ,20
2026-10-17,ISKELE,ERDEM SURURİ ECZANESİ,20
2026-10-17,UST_MESARYA,YÜKSEL ECZANESİ,78
2026-10-17,ALT_MESARYA,BUĞRA ECZANESİ,78
2026-10-17,KARPAZ_1,ERENKÖY ECZANESİ,83
2026-10-17,KARPAZ_2,MELEK İBRAHİM ECZANESİ,83
2026-10-18,LEFKOSA,ARDA ULUPINAR ECZANESİ,20
2026-10-18,LEFKOSA,AKDORA ECZANESİ,20
2026-10-18,LEFKOSA,ATAER ECZANESİ,20
2026-10-18,MAGUSA,BUĞÇE BAYRAM ECZANESİ,20
2026-10-18,MAGUSA,PETEK ECZANESİ,20
2026-10-18,GIRNE,DOĞAN BAŞAK ECZANESİ,20
2026-10-18,GIRNE,NEJLA ERÇAL ECZANESİ,20
2026-10-18,GIRNE,ZEHRA KELEBEK ECZANESİ,20
2026-10-18,GUZELYURT,NİLGÜN ECZANESİ,20
2026-10-18,LEFKE,DİLAN PUL ECZANESİ,20
2026-10-18,ISKELE,NALAN ECZANESİ,20
2026-10-18,UST_MESARYA,ESER AVCI ECZANESİ,78
2026-10-18,ALT_MESARYA,KUDRET ECZANESİ,78
2026-10-18,KARPAZ_1,SAKINER ECZANESİ,83
2026-10-18,KARPAZ_2,OLGUN KAHYAOĞLU ECZANESİ,83
2026-10-19,LEFKOSA,CANEŞ ECZANESİ,20
2026-10-19,LEFKOSA,MİEL ECZANESİ,20
2026-10-19,LEFKOSA,VAİZ ECZANESİ,20
2026-10-19,MAGUSA,AYBENK ECZANESİ,20
2026-10-19,MAGUSA,ÇİSE SEZEREL ECZANESİ,20
2026-10-19,GIRNE,İBRAHİM BARDAK ECZANESİ,20
2026-10-19,GIRNE,KARAOĞLANOĞLU ECZANESİ,20
2026-10-19,GIRNE,NAZIM VARIŞ ECZANESİ,20
2026-10-19,GUZELYURT,PEMBE SADIKOĞLU ECZANESİ,20
2026-10-19,LEFKE,ALTINCI ECZANESİ,20
2026-10-19,ISKELE,MEVLÜT KAÇMAZ ECZANESİ,20
2026-10-19,KARPAZ_1,BESİM SEVİNDİK ECZANESİ,83
2026-10-19,KARPAZ_2,FATMA KAHYAOĞLU ECZANESİ,83
2026-10-20,LEFKOSA,NİLCAN YAVUZCAN ECZANESİ,20
2026-10-20,LEFKOSA,ABBASOĞLU ECZANESİ,20
2026-10-20,LEFKOSA,YELİM ECZANESİ,20
2026-10-20,MAGUSA,LARNAKA YOLU ECZANESİ,20
2026-10-20,MAGUSA,AYŞE ÖZBEYCAN ECZANESİ,20
2026-10-20,GIRNE,ŞULE YILDIZDOĞAN ECZANESİ,20
2026-10-20,GIRNE,ARDA ÇELİK ECZANESİ,20
2026-10-20,GIRNE,ŞİFALI ECZANESİ,20
2026-10-20,GUZELYURT,RESMİYE ESE ECZANESİ,20
2026-10-20,LEFKE,İLKSEN ECZANESİ,20
2026-10-20,ISKELE,SELİN ECZANESİ,20
2026-10-20,KARPAZ_1,KARPAZIN ECZANESİ,83
2026-10-20,KARPAZ_2,MELEK İBRAHİM ECZANESİ,83
2026-10-21,LEFKOSA,İNCİRLİ ECZANESİ,20
2026-10-21,LEFKOSA,FATMA YÜRÜN ECZANESİ,20
2026-10-21,LEFKOSA,CEMALİYE AĞAOĞLU ECZANESİ,20
2026-10-21,MAGUSA,BAHAR ECZANESİ,20
2026-10-21,MAGUSA,KAĞAN KANDEMİR ECZANESİ,20
2026-10-21,GIRNE,ÖZGE ÖZÇINAR ECZANESİ,20
2026-10-21,GIRNE,ERDOĞAN ÖZİKİZ ECZANESİ,20
2026-10-21,GIRNE,AYŞEN ALTAN ECZANESİ,20
2026-10-21,GUZELYURT,SEDEF SONAT ECZANESİ,20
2026-10-21,LEFKE,AYŞE ALTINTUĞ ECZANESİ,20
2026-10-21,ISKELE,SEVİLAY PIRLANTA ECZANESİ,20
2026-10-21,KARPAZ_1,ERENKÖY ECZANESİ,83
2026-10-21,KARPAZ_2,OLGUN KAHYAOĞLU ECZANESİ,83
2026-10-22,LEFKOSA,CEMRE ECZANESİ,20
2026-10-22,LEFKOSA,BALIN ECZANESİ,20
2026-10-22,LEFKOSA,GALEN ECZANESİ,20
2026-10-22,MAGUSA,ERGİN ECZANESİ,20
2026-10-22,MAGUSA,DEMET ECZANESİ,20
2026-10-22,GIRNE,NURÇAĞ ECZANESİ,20
2026-10-22,GIRNE,TÖREN ECZANESİ,20
2026-10-22,GIRNE,PINAR KEKLİK ECZANESİ,20
2026-10-22,GUZELYURT,SERCAN AVCI ECZANESİ,20
2026-10-22,LEFKE,SIDIKA UMAR ECZANESİ,20
2026-10-22,ISKELE,SULTAN TOPEL ECZANESİ,20
2026-10-22,KARPAZ_1,SAKINER ECZANESİ,83
2026-10-22,KARPAZ_2,FATMA KAHYAOĞLU ECZANESİ,83
2026-10-23,LEFKOSA,ÇINARLI ECZANESİ,21
2026-10-23,LEFKOSA,DİLAY KILÇIK ECZANESİ,21
2026-10-23,LEFKOSA,BUSE KARŞILI ECZANESİ,21
2026-10-23,MAGUSA,HACER BALIKÇI ECZANESİ,21
2026-10-23,MAGUSA,SÜAY SEVİNÇ ECZANESİ,21
2026-10-23,GIRNE,DÜNYA ECZANESİ,21
2026-10-23,GIRNE,AYDIN LİFE ECZANESİ,21
2026-10-23,GIRNE,AHMET ÇAĞER ECZANESİ,21
2026-10-23,GUZELYURT,SEVİL ECZANESİ,21
2026-10-23,LEFKE,ULUS ECZANESİ,21
2026-10-23,ISKELE,SÜNMEZ ECZANESİ,21
2026-10-23,KARPAZ_1,BESİM SEVİNDİK ECZANESİ,83
2026-10-23,KARPAZ_2,MELEK İBRAHİM ECZANESİ,83
2026-10-24,LEFKOSA,OBA ECZANESİ,21
2026-10-24,LEFKOSA,LA PHARMA ECZANESİ,21
2026-10-24,LEFKOSA,PERVİN ECZANESİ,21
2026-10-24,MAGUSA,BARIŞER ECZANESİ,21
2026-10-24,MAGUSA,GÖKÇEN İLKTAÇ ECZANESİ,21
2026-10-24,GIRNE,AŞAR ECZANESİ,21
2026-10-24,GIRNE,İPEK YÖNEY ECZANESİ,21
2026-10-24,GIRNE,NAZIM VARIŞ ECZANESİ,21
2026-10-24,GUZELYURT,ŞİFA SİPERCİ ECZANESİ,21
2026-10-24,LEFKE,DERVİŞ KUTRET ECZANESİ,21
2026-10-24,ISKELE,PERTEV ZEKİ ECZANESİ,21
2026-10-24,UST_MESARYA,GÖNÜL GÜRDAĞ ECZANESİ,78
2026-10-24,ALT_MESARYA,MEHMET HOCA ECZANESİ,78
2026-10-24,KARPAZ_1,KARPAZIN ECZANESİ,83
2026-10-24,KARPAZ_2,OLGUN KAHYAOĞLU ECZANESİ,83
2026-10-25,LEFKOSA,KIZILBAŞ ECZANESİ,21
2026-10-25,LEFKOSA,YENİKENT ECZANESİ,21
2026-10-25,LEFKOSA,PAPATYAM ECZANESİ,21
2026-10-25,MAGUSA,MEHMET ARTER ECZANESİ,21
2026-10-25,MAGUSA,MELİKE BARBAROS ECZANESİ,21
2026-10-25,GIRNE,ALENBAY ECZANESİ,21
2026-10-25,GIRNE,ORÇUN ÖZKASAP ECZANESİ,21
2026-10-25,GIRNE,ÖZENİR ECZANESİ,21
2026-10-25,GUZELYURT,SÜREYYA ÖZCOŞKUN ECZANESİ,21
2026-10-25,LEFKE,OSMAN ULUŞAN ECZANESİ,21
2026-10-25,ISKELE,ÖZBİRTAN ECZANESİ,21
2026-10-25,UST_MESARYA,MELİZ ECZANESİ,78
2026-10-25,ALT_MESARYA,MEHMET TUT ECZANESİ,78
2026-10-25,KARPAZ_1,ERENKÖY ECZANESİ,83
2026-10-25,KARPAZ_2,FATMA KAHYAOĞLU ECZANESİ,83
2026-10-26,LEFKOSA,ALİ ERSOY ECZANESİ,21
2026-10-26,LEFKOSA,NECLA EMİN ECZANESİ,21
2026-10-26,LEFKOSA,BAHAR NURLUÖZ ECZANESİ,21
2026-10-26,MAGUSA,SERHAT BAYBORA ECZANESİ,21
2026-10-26,MAGUSA,ADA ECZANESİ,21
2026-10-26,GIRNE,GİRNE ECZANESİ,21
2026-10-26,GIRNE,MEHMET GAZİ KÖYLÜ ECZANESİ,21
2026-10-26,GIRNE,SOYERLER ECZANESİ,21
2026-10-26,GUZELYURT,İNCİ ECZANESİ,21
2026-10-26,LEFKE,DİLAN PUL ECZANESİ,21
2026-10-26,ISKELE,AVİCENNA ECZANESİ,21
2026-10-26,KARPAZ_1,SAKINER ECZANESİ,83
2026-10-26,KARPAZ_2,MELEK İBRAHİM ECZANESİ,83
2026-10-27,LEFKOSA,ÜLKER POZAN ECZANESİ,21
2026-10-27,LEFKOSA,DİLEK ECZANESİ,21
2026-10-27,LEFKOSA,DİDEM ÖZKAYALI ECZANESİ,21
2026-10-27,MAGUSA,MEHMETALİ BEYAZ ECZANESİ,21
2026-10-27,MAGUSA,ARAS ÖNCÜ ECZANESİ,21
2026-10-27,GIRNE,AYHAN ACARKAN ECZANESİ,21
2026-10-27,GIRNE,GÜNDAL ECZANESİ,21
2026-10-27,GIRNE,MARYAM ECZANESİ,21
2026-10-27,GUZELYURT,AŞAR ECZANESİ,21
2026-10-27,LEFKE,HATİCE SOYER ECZANESİ,21
2026-10-27,ISKELE,BUSE ULUÇAY ECZANESİ,21
2026-10-27,KARPAZ_1,BESİM SEVİNDİK ECZANESİ,83
2026-10-27,KARPAZ_2,OLGUN KAHYAOĞLU ECZANESİ,83
2026-10-28,LEFKOSA,IŞIK KEREM ECZANESİ,21
2026-10-28,LEFKOSA,SEVAL KAYMAK ECZANESİ,21
2026-10-28,LEFKOSA,APAYDIN ECZANESİ,21
2026-10-28,MAGUSA,VELİ ATEŞ ECZANESİ,21
2026-10-28,MAGUSA,EYLÜL DALKILINÇ ECZANESİ,21
2026-10-28,GIRNE,DİLARA ÖZHAMİT ECZANESİ,21
2026-10-28,GIRNE,AYLAND ECZANESİ,21
2026-10-28,GIRNE,SALİM KARABEKİR ECZANESİ,21
2026-10-28,GUZELYURT,AYCAN ECZANESİ,21
2026-10-28,LEFKE,ULUS ECZANESİ,21
2026-10-28,ISKELE,ERDEM SURURİ ECZANESİ,21
2026-10-28,KARPAZ_1,KARPAZIN ECZANESİ,83
2026-10-28,KARPAZ_2,FATMA KAHYAOĞLU ECZANESİ,83
2026-10-29,LEFKOSA,BAHİRE ÖZSU AKDOĞAN ECZANESİ,21
2026-10-29,LEFKOSA,RANYA ECZANESİ,21
2026-10-29,LEFKOSA,ÇAĞRI CANDANAL ECZANESİ,21
2026-10-29,MAGUSA,ÇİSEM ECZANESİ,21
2026-10-29,MAGUSA,KUNTER GÜVEN ECZANESİ,21
2026-10-29,GIRNE,ADAŞEHİR ECZANESİ,21
2026-10-29,GIRNE,AŞAR KARAOĞLANOĞLU ECZANESİ,21
2026-10-29,GIRNE,AYDINLİFE ALSANCAK ECZANESİ,21
2026-10-29,GUZELYURT,UYUMSAL ECZANESİ,21
2026-10-29,LEFKE,ŞİFA BİLDİR ECZANESİ,21
2026-10-29,ISKELE,MEVLÜT KAÇMAZ ECZANESİ,21
2026-10-29,UST_MESARYA,GÜLTEN VELİ ECZANESİ,78
2026-10-29,ALT_MESARYA,PHARGAMOS ECZANESİ,78
2026-10-29,KARPAZ_1,ERENKÖY ECZANESİ,83
2026-10-29,KARPAZ_2,MELEK İBRAHİM ECZANESİ,83
2026-10-30,LEFKOSA,SABİHA BULDUK ECZANESİ,21
2026-10-30,LEFKOSA,ÖZÇALIŞKAN ECZANESİ,21
2026-10-30,LEFKOSA,NERİMAN KARATAÇ ECZANESİ,21
2026-10-30,MAGUSA,UMUT ECZANESİ,21
2026-10-30,MAGUSA,MISRA ÖZBAY ECZANESİ,21
2026-10-30,GIRNE,BUĞÇE ECZANESİ,21
2026-10-30,GIRNE,GÜNAY VARIŞ ECZANESİ,21
2026-10-30,GIRNE,ŞİFALI ECZANESİ,21
2026-10-30,GUZELYURT,CAMCIOĞLU ECZANESİ,21
2026-10-30,LEFKE,İLKSEN ECZANESİ,21
2026-10-30,ISKELE,SULTAN TOPEL ECZANESİ,21
2026-10-30,KARPAZ_1,SAKINER ECZANESİ,83
2026-10-30,KARPAZ_2,OLGUN KAHYAOĞLU ECZANESİ,83
2026-10-31,LEFKOSA,CEMİLE FIRINCIOĞLULARI ECZANESİ,21
2026-10-31,LEFKOSA,SEYRANTEPE ECZANESİ,21
2026-10-31,LEFKOSA,MUSTAFA PEHLİVAN ECZANESİ,21
2026-10-31,MAGUSA,HALKIN ECZANESİ,21
2026-10-31,MAGUSA,AYŞEM ÇİL ECZANESİ,21
2026-10-31,GIRNE,POSTACIOĞLU ECZANESİ,21
2026-10-31,GIRNE,ÖMRÜM ECZANESİ,21
2026-10-31,GIRNE,ASRIN ÜMİT ECZANESİ,21
2026-10-31,GUZELYURT,DOĞUŞ TÜRKBAYOĞLU ECZANESİ,21
2026-10-31,LEFKE,AYŞE ALTINTUĞ ECZANESİ,21
2026-10-31,ISKELE,GÖKBERK ALP YAKAR ECZANESİ,21
2026-10-31,UST_MESARYA,SERDARLI ECZANESİ,78
2026-10-31,ALT_MESARYA,SERVET GÖKŞİN ECZANESİ,78
2026-10-31,KARPAZ_1,BESİM SEVİNDİK ECZANESİ,83
2026-10-31,KARPAZ_2,FATMA KAHYAOĞLU ECZANESİ,83
2026-11-01,LEFKOSA,GÖNÜL ECZANESİ,22
2026-11-01,LEFKOSA,SÖZÜÖZ ECZANESİ,22
2026-11-01,LEFKOSA,LADEN AKBATUR ECZANESİ,22
2026-11-01,MAGUSA,REZAN ECZANESİ,22
2026-11-01,MAGUSA,ÇAĞKAN AKSOY ECZANESİ,22
2026-11-01,GIRNE,AYDIN LİFE ECZANESİ,22
2026-11-01,GIRNE,KANDİL ECZANESİ,22
2026-11-01,GIRNE,BARIŞ ECZANESİ,22
2026-11-01,GUZELYURT,EMİNE ŞENTÜRK ECZANESİ,22
2026-11-01,LEFKE,ALTINCI ECZANESİ,22
2026-11-01,ISKELE,PERTEV ZEKİ ECZANESİ,22
2026-11-01,UST_MESARYA,YÜKSEL ECZANESİ,78
2026-11-01,ALT_MESARYA,VADİLİ ECZANESİ,78
2026-11-01,KARPAZ_1,KARPAZIN ECZANESİ,83
2026-11-01,KARPAZ_2,MELEK İBRAHİM ECZANESİ,83
2026-11-02,LEFKOSA,MALEK ECZANESİ,22
2026-11-02,LEFKOSA,AYŞE BIYIKOĞLU ECZANESİ,22
2026-11-02,LEFKOSA,TUNA ECZANESİ,22
2026-11-02,MAGUSA,FAYDALI ECZANESİ,22
2026-11-02,MAGUSA,ÖZNERGİS ECZANESİ,22
2026-11-02,GIRNE,KÜÇÜK ECZANESİ,22
2026-11-02,GIRNE,EDA ATAÇAĞ ECZANESİ,22
2026-11-02,GIRNE,AYŞEN ALTAN ECZANESİ,22
2026-11-02,GUZELYURT,ERİN ECZANESİ,22
2026-11-02,LEFKE,SIDIKA UMAR ECZANESİ,22
2026-11-02,ISKELE,SÜNMEZ ECZANESİ,22
2026-11-02,KARPAZ_1,ERENKÖY ECZANESİ,83
2026-11-02,KARPAZ_2,OLGUN KAHYAOĞLU ECZANESİ,83
2026-11-03,LEFKOSA,MUSTAFA GÜRMAN ECZANESİ,22
2026-11-03,LEFKOSA,ARZUM DAVULCU ECZANESİ,22
2026-11-03,LEFKOSA,TULİS ECZANESİ,22
2026-11-03,MAGUSA,OSMANKAN ECZANESİ,22
2026-11-03,MAGUSA,EMİR ECZANESİ,22
2026-11-03,GIRNE,TURGAY PARALI ECZANESİ,22
2026-11-03,GIRNE,İBRAHİM BARDAK ECZANESİ,22
2026-11-03,GIRNE,ZEHRA KELEBEK ECZANESİ,22
2026-11-03,GUZELYURT,GİLANLI ECZANESİ,22
2026-11-03,LEFKE,OSMAN ULUŞAN ECZANESİ,22
2026-11-03,ISKELE,BUSE ULUÇAY ECZANESİ,22
2026-11-03,KARPAZ_1,SAKINER ECZANESİ,83
2026-11-03,KARPAZ_2,FATMA KAHYAOĞLU ECZANESİ,83
2026-11-04,LEFKOSA,İMGE ECZANESİ,22
2026-11-04,LEFKOSA,ÇAĞLAYAN ECZANESİ,22
2026-11-04,LEFKOSA,İSFENDİYAROĞLU ECZANESİ,22
2026-11-04,MAGUSA,ULUÇAY ECZANESİ,22
2026-11-04,MAGUSA,NADİRE GÖKALP ECZANESİ,22
2026-11-04,GIRNE,DOĞAN BAŞAK ECZANESİ,22
2026-11-04,GIRNE,ARDA ÇELİK ECZANESİ,22
2026-11-04,GIRNE,ÖZENİR ECZANESİ,22
2026-11-04,GUZELYURT,İLKİN SADRAZAM ECZANESİ,22
2026-11-04,LEFKE,ŞİFA BİLDİR ECZANESİ,22
2026-11-04,ISKELE,MEVLÜT KAÇMAZ ECZANESİ,22
2026-11-04,KARPAZ_1,BESİM SEVİNDİK ECZANESİ,83
2026-11-04,KARPAZ_2,MELEK İBRAHİM ECZANESİ,83
2026-11-05,LEFKOSA,ÖZVOL ECZANESİ,22
2026-11-05,LEFKOSA,SEVGİ KIRBOĞA ECZANESİ,22
2026-11-05,LEFKOSA,HAMİTKÖY ECZANESİ,22
2026-11-05,MAGUSA,GİZEM KARAHASAN ECZANESİ,22
2026-11-05,MAGUSA,SAKARYA ECZANESİ,22
2026-11-05,GIRNE,EMİNAĞA ECZANESİ,22
2026-11-05,GIRNE,CENGİZ SOLMAZ ECZANESİ,22
2026-11-05,GIRNE,NAZIM VARIŞ ECZANESİ,22
2026-11-05,GUZELYURT,İNCİ ECZANESİ,22
2026-11-05,LEFKE,HATİCE SOYER ECZANESİ,22
2026-11-05,ISKELE,NALAN ECZANESİ,22
2026-11-05,KARPAZ_1,KARPAZIN ECZANESİ,83
2026-11-05,KARPAZ_2,OLGUN KAHYAOĞLU ECZANESİ,83
2026-11-06,LEFKOSA,ÇAĞANSOY ECZANESİ,22
2026-11-06,LEFKOSA,LEFKOŞA ECZANESİ,22
2026-11-06,LEFKOSA,GÜNEY ENGİNOL ECZANESİ,22
2026-11-06,MAGUSA,UZAY ECZANESİ,22
2026-11-06,MAGUSA,ECE ECZANESİ,22
2026-11-06,GIRNE,MEHMET KAMİLOĞLU ECZANESİ,22
2026-11-06,GIRNE,KARAOĞLANOĞLU ECZANESİ,22
2026-11-06,GIRNE,ASRIN ÜMİT ECZANESİ,22
2026-11-06,GUZELYURT,NİLGÜN ECZANESİ,22
2026-11-06,LEFKE,DERVİŞ KUTRET ECZANESİ,22
2026-11-06,ISKELE,GÖKBERK ALP YAKAR ECZANESİ,22
2026-11-06,KARPAZ_1,ERENKÖY ECZANESİ,83
2026-11-06,KARPAZ_2,FATMA KAHYAOĞLU ECZANESİ,83
2026-11-07,LEFKOSA,SAFİYE ÇAĞANSEL ECZANESİ,22
2026-11-07,LEFKOSA,MOR SAFİR ECZANESİ,22
2026-11-07,LEFKOSA,SEZER ECZANESİ,22
2026-11-07,MAGUSA,ASLI EREN ECZANESİ,22
2026-11-07,MAGUSA,KARAKOL ECZANESİ,22
2026-11-07,GIRNE,MELİZ 2 ECZANESİ,22
2026-11-07,GIRNE,NURÇAĞ ECZANESİ,22
2026-11-07,GIRNE,SOYERLER ECZANESİ,22
2026-11-07,GUZELYURT,PEMBE SADIKOĞLU ECZANESİ,22
2026-11-07,LEFKE,DİLAN PUL ECZANESİ,22
2026-11-07,ISKELE,İSKELE ECZANESİ,22
2026-11-07,UST_MESARYA,ESER AVCI ECZANESİ,78
2026-11-07,ALT_MESARYA,BUĞRA ECZANESİ,78
2026-11-07,KARPAZ_1,SAKINER ECZANESİ,84
2026-11-07,KARPAZ_2,MELEK İBRAHİM ECZANESİ,84
2026-11-08,LEFKOSA,DİLEM UZCAN ECZANESİ,22
2026-11-08,LEFKOSA,KAPTANCAN ECZANESİ,22
2026-11-08,LEFKOSA,NELİN ECZANESİ,22
2026-11-08,MAGUSA,HALİL HAMZALAR ECZANESİ,22
2026-11-08,MAGUSA,ODUNCUOĞLU ECZANESİ,22
2026-11-08,GIRNE,NESRİN HATİPOĞLU ECZANESİ,22
2026-11-08,GIRNE,TÖRENSEL ECZANESİ,22
2026-11-08,GIRNE,AYDINLİFE ALSANCAK ECZANESİ,22
2026-11-08,GUZELYURT,RESMİYE ESE ECZANESİ,22
2026-11-08,LEFKE,ULUS ECZANESİ,22
2026-11-08,ISKELE,SELİN ECZANESİ,22
2026-11-08,UST_MESARYA,GÖNÜL GÜRDAĞ ECZANESİ,78
2026-11-08,ALT_MESARYA,DOĞUŞ ACARÖZ ECZANESİ,78
2026-11-08,KARPAZ_1,BESİM SEVİNDİK ECZANESİ,84
2026-11-08,KARPAZ_2,OLGUN KAHYAOĞLU ECZANESİ,84
2026-11-09,LEFKOSA,AKDENİZ ECZANESİ,22
2026-11-09,LEFKOSA,TÜRKAN ŞENTİP ECZANESİ,22
2026-11-09,LEFKOSA,SUDE UZUN ECZANESİ,22
2026-11-09,MAGUSA,RANA YONTAR ECZANESİ,22
2026-11-09,MAGUSA,MELİKE DEMİRSÖZ ECZANESİ,22
2026-11-09,GIRNE,ŞULE YILDIZDOĞAN ECZANESİ,22
2026-11-09,GIRNE,MELİSA İŞİMTEKİN ECZANESİ,22
2026-11-09,GIRNE,MARYAM ECZANESİ,22
2026-11-09,GUZELYURT,CAMCIOĞLU ECZANESİ,22
2026-11-09,LEFKE,İLKSEN ECZANESİ,22
2026-11-09,ISKELE,ÖZBİRTAN ECZANESİ,22
2026-11-09,KARPAZ_1,KARPAZIN ECZANESİ,84
2026-11-09,KARPAZ_2,FATMA KAHYAOĞLU ECZANESİ,84
2026-11-10,LEFKOSA,ORTAKÖY ECZANESİ,23
2026-11-10,LEFKOSA,CEVHER ECZANESİ,23
2026-11-10,LEFKOSA,SERPİN ONAY ECZANESİ,23
2026-11-10,MAGUSA,VEZİROĞLU ECZANESİ,23
2026-11-10,MAGUSA,ZERİN VOLKAN ECZANESİ,23
2026-11-10,GIRNE,MELİS UZUN ECZANESİ,23
2026-11-10,GIRNE,İPEK YÖNEY ECZANESİ,23
2026-11-10,GIRNE,AHMET ÇAĞER ECZANESİ,23
2026-11-10,GUZELYURT,SERCAN AVCI ECZANESİ,23
2026-11-10,LEFKE,AYŞE ALTINTUĞ ECZANESİ,23
2026-11-10,ISKELE,PERTEV ZEKİ ECZANESİ,23
2026-11-10,KARPAZ_1,ERENKÖY ECZANESİ,84
2026-11-10,KARPAZ_2,MELEK İBRAHİM ECZANESİ,84
2026-11-11,LEFKOSA,GÖNYELİ ECZANESİ,23
2026-11-11,LEFKOSA,GÜLİZAR ÖZTEKNİK ECZANESİ,23
2026-11-11,LEFKOSA,YUSUF TANDOĞAN ECZANESİ,23
2026-11-11,MAGUSA,GÜZER ECZANESİ,23
2026-11-11,MAGUSA,VELİ NURLUÖZ ECZANESİ,23
2026-11-11,GIRNE,POSTACIOĞLU ECZANESİ,23
2026-11-11,GIRNE,SOYERLER 1 ECZANESİ,23
2026-11-11,GIRNE,NAZIM VARIŞ ECZANESİ,23
2026-11-11,GUZELYURT,SEDEF SONAT ECZANESİ,23
2026-11-11,LEFKE,ALTINCI ECZANESİ,23
2026-11-11,ISKELE,SEVİLAY PIRLANTA ECZANESİ,23
2026-11-11,KARPAZ_1,SAKINER ECZANESİ,84
2026-11-11,KARPAZ_2,OLGUN KAHYAOĞLU ECZANESİ,84
2026-11-12,LEFKOSA,EMEL ATAÇAĞ ECZANESİ,23
2026-11-12,LEFKOSA,OBA 2 ECZANESİ,23
2026-11-12,LEFKOSA,YEŞİM ECZANESİ,23
2026-11-12,MAGUSA,TANYA SALİMER ECZANESİ,23
2026-11-12,MAGUSA,HANDE BESMEL ECZANESİ,23
2026-11-12,GIRNE,SEVİN ÇAĞAY ECZANESİ,23
2026-11-12,GIRNE,ORÇUN ÖZKASAP ECZANESİ,23
2026-11-12,GIRNE,SALİM KARABEKİR ECZANESİ,23
2026-11-12,GUZELYURT,ŞİFA SİPERCİ ECZANESİ,23
2026-11-12,LEFKE,SIDIKA UMAR ECZANESİ,23
2026-11-12,ISKELE,SULTAN TOPEL ECZANESİ,23
2026-11-12,KARPAZ_1,BESİM SEVİNDİK ECZANESİ,84
2026-11-12,KARPAZ_2,FATMA KAHYAOĞLU ECZANESİ,84
2026-11-13,LEFKOSA,DAMLA KARDÜZ ECZANESİ,23
2026-11-13,LEFKOSA,FATMA AŞİNA ECZANESİ,23
2026-11-13,LEFKOSA,ŞİRİN BOLKAN ECZANESİ,23
2026-11-13,MAGUSA,ÖREN ECZANESİ,23
2026-11-13,MAGUSA,ZEYNEP ECZANESİ,23
2026-11-13,GIRNE,ZİYA SENCER ECZANESİ,23
2026-11-13,GIRNE,AYLAND ECZANESİ,23
2026-11-13,GIRNE,BARIŞ ECZANESİ,23
2026-11-13,GUZELYURT,SÜREYYA ÖZCOŞKUN ECZANESİ,23
2026-11-13,LEFKE,OSMAN ULUŞAN ECZANESİ,23
2026-11-13,ISKELE,SÜNMEZ ECZANESİ,23
2026-11-13,KARPAZ_1,KARPAZIN ECZANESİ,84
2026-11-13,KARPAZ_2,MELEK İBRAHİM ECZANESİ,84
2026-11-14,LEFKOSA,KEZİBAN TİLKİ ECZANESİ,23
2026-11-14,LEFKOSA,EBRU BAŞAY ECZANESİ,23
2026-11-14,LEFKOSA,HAZAL REİS ECZANESİ,23
2026-11-14,MAGUSA,ÖZGE KALE ECZANESİ,23
2026-11-14,MAGUSA,BURCU GÖKALP ECZANESİ,23
2026-11-14,GIRNE,TÖREN 2 ECZANESİ,23
2026-11-14,GIRNE,RIZKI ECZANESİ,23
2026-11-14,GIRNE,ŞİFALI ECZANESİ,23
2026-11-14,GUZELYURT,UYUMSAL ECZANESİ,23
2026-11-14,LEFKE,ŞİFA BİLDİR ECZANESİ,23
2026-11-14,ISKELE,ÖZBİRTAN ECZANESİ,23
2026-11-14,UST_MESARYA,GÜLTEN VELİ ECZANESİ,78
2026-11-14,ALT_MESARYA,DÖRTYOL ECZANESİ,78
2026-11-14,KARPAZ_1,ERENKÖY ECZANESİ,84
2026-11-14,KARPAZ_2,OLGUN KAHYAOĞLU ECZANESİ,84
2026-11-15,LEFKOSA,GÜLİSTAN ARICI ECZANESİ,23
2026-11-15,LEFKOSA,HARİKA OTAĞ ECZANESİ,23
2026-11-15,LEFKOSA,ERSAĞ ECZANESİ,23
2026-11-15,MAGUSA,FUNDA ERSÖZLÜ ECZANESİ,23
2026-11-15,MAGUSA,HİÇKORKMAZ ECZANESİ,23
2026-11-15,GIRNE,GÜNDAL ECZANESİ,23
2026-11-15,GIRNE,MUCİZEM ECZANESİ,23
2026-11-15,GIRNE,PINAR KEKLİK ECZANESİ,23
2026-11-15,GUZELYURT,DOĞUŞ TÜRKBAYOĞLU ECZANESİ,23
2026-11-15,LEFKE,DERVİŞ KUTRET ECZANESİ,23
2026-11-15,ISKELE,SELİN ECZANESİ,23
2026-11-15,UST_MESARYA,SERDARLI ECZANESİ,78
2026-11-15,ALT_MESARYA,MEHMET HOCA ECZANESİ,78
2026-11-15,KARPAZ_1,SAKINER ECZANESİ,84
2026-11-15,KARPAZ_2,FATMA KAHYAOĞLU ECZANESİ,84
2026-11-16,LEFKOSA,BUSE AVCI ECZANESİ,23
2026-11-16,LEFKOSA,HALKSEVER ECZANESİ,23
2026-11-16,LEFKOSA,DEREBOYU ECZANESİ,23
2026-11-16,MAGUSA,MEVA ECZANESİ,23
2026-11-16,MAGUSA,AYBENK ECZANESİ,23
2026-11-16,GIRNE,ÖZGE ÖZÇINAR ECZANESİ,23
2026-11-16,GIRNE,ÖMRÜM ECZANESİ,23
2026-11-16,GIRNE,ÖZENİR ECZANESİ,23
2026-11-16,GUZELYURT,AŞAR ECZANESİ,23
2026-11-16,LEFKE,HATİCE SOYER ECZANESİ,23
2026-11-16,ISKELE,AVİCENNA ECZANESİ,23
2026-11-16,KARPAZ_1,BESİM SEVİNDİK ECZANESİ,84
2026-11-16,KARPAZ_2,MELEK İBRAHİM ECZANESİ,84
2026-11-17,LEFKOSA,MERVE BİLLUR ECZANESİ,23
2026-11-17,LEFKOSA,SERKAN KERVAN ECZANESİ,23
2026-11-17,LEFKOSA,ŞERİFE ADEMOĞULLARI ECZANESİ,23
2026-11-17,MAGUSA,ASYA TEKBIYIK ECZANESİ,23
2026-11-17,MAGUSA,BUĞÇE BAYRAM ECZANESİ,23
2026-11-17,GIRNE,TÖREN ECZANESİ,23
2026-11-17,GIRNE,NEJLA ERÇAL ECZANESİ,23
2026-11-17,GIRNE,AYŞEN ALTAN ECZANESİ,23
2026-11-17,GUZELYURT,SEVİL ECZANESİ,23
2026-11-17,LEFKE,ALTINCI ECZANESİ,23
2026-11-17,ISKELE,BUSE ULUÇAY ECZANESİ,23
2026-11-17,KARPAZ_1,KARPAZIN ECZANESİ,84
2026-11-17,KARPAZ_2,OLGUN KAHYAOĞLU ECZANESİ,84
2026-11-18,LEFKOSA,SERNA ECZANESİ,23
2026-11-18,LEFKOSA,SÜHEYLA AŞAN ECZANESİ,23
2026-11-18,LEFKOSA,NECATİBEY ECZANESİ,23
2026-11-18,MAGUSA,NASİM ECZANESİ,23
2026-11-18,MAGUSA,AYŞE ÖZBEYCAN ECZANESİ,23
2026-11-18,GIRNE,GÜNAY VARIŞ ECZANESİ,23
2026-11-18,GIRNE,GİRNE ECZANESİ,23
2026-11-18,GIRNE,AYDINLİFE ALSANCAK ECZANESİ,23
2026-11-18,GUZELYURT,CAMCIOĞLU ECZANESİ,23
2026-11-18,LEFKE,ULUS ECZANESİ,23
2026-11-18,ISKELE,ERDEM SURURİ ECZANESİ,23
2026-11-18,KARPAZ_1,ERENKÖY ECZANESİ,84
2026-11-18,KARPAZ_2,FATMA KAHYAOĞLU ECZANESİ,84
2026-11-19,LEFKOSA,AHMET MISIRLI ECZANESİ,24
2026-11-19,LEFKOSA,SONUÇ ECZANESİ,24
2026-11-19,LEFKOSA,ARASTA ECZANESİ,24
2026-11-19,MAGUSA,TURGUT KORHAN ECZANESİ,24
2026-11-19,MAGUSA,LARNAKA YOLU ECZANESİ,24
2026-11-19,GIRNE,ILGEN ECZANESİ,24
2026-11-19,GIRNE,ERDOĞAN ÖZİKİZ ECZANESİ,24
2026-11-19,GIRNE,ZEHRA KELEBEK ECZANESİ,24
2026-11-19,GUZELYURT,SEDEF SONAT ECZANESİ,24
2026-11-19,LEFKE,DİLAN PUL ECZANESİ,24
2026-11-19,ISKELE,PERTEV ZEKİ ECZANESİ,24
2026-11-19,KARPAZ_1,SAKINER ECZANESİ,84
2026-11-19,KARPAZ_2,MELEK İBRAHİM ECZANESİ,84
2026-11-20,LEFKOSA,DAĞMAN ECZANESİ,24
2026-11-20,LEFKOSA,EMİNE KESKİN ECZANESİ,24
2026-11-20,LEFKOSA,YONCA HATİPOĞLU ECZANESİ,24
2026-11-20,MAGUSA,SEMAHAT ATAYOL ECZANESİ,24
2026-11-20,MAGUSA,ERTUĞ EMİN ECZANESİ,24
2026-11-20,GIRNE,SETENAY BENGİSU ECZANESİ,24
2026-11-20,GIRNE,KANDİL ECZANESİ,24
2026-11-20,GIRNE,ASRIN ÜMİT ECZANESİ,24
2026-11-20,GUZELYURT,EMİNE ŞENTÜRK ECZANESİ,24
2026-11-20,LEFKE,AYŞE ALTINTUĞ ECZANESİ,24
2026-11-20,ISKELE,GÖKBERK ALP YAKAR ECZANESİ,24
2026-11-20,KARPAZ_1,BESİM SEVİNDİK ECZANESİ,84
2026-11-20,KARPAZ_2,OLGUN KAHYAOĞLU ECZANESİ,84
2026-11-21,LEFKOSA,SEVGİ KARABEKİR ECZANESİ,24
2026-11-21,LEFKOSA,SEVCAN ECZANESİ,24
2026-11-21,LEFKOSA,ÇELER ECZANESİ,24
2026-11-21,MAGUSA,İÇTEN ECZANESİ,24
2026-11-21,MAGUSA,HACER BALIKÇI ECZANESİ,24
2026-11-21,GIRNE,DÜNYA ECZANESİ,24
2026-11-21,GIRNE,RIZKI 2 ECZANESİ,24
2026-11-21,GIRNE,MARYAM ECZANESİ,24
2026-11-21,GUZELYURT,ERİN ECZANESİ,24
2026-11-21,LEFKE,SIDIKA UMAR ECZANESİ,24
2026-11-21,ISKELE,MEVLÜT KAÇMAZ ECZANESİ,24
2026-11-21,UST_MESARYA,MELİZ ECZANESİ,78
2026-11-21,ALT_MESARYA,GÜRSOY ECZANESİ,78
2026-11-21,KARPAZ_1,KARPAZIN ECZANESİ,84
2026-11-21,KARPAZ_2,FATMA KAHYAOĞLU ECZANESİ,84
2026-11-22,LEFKOSA,LAİKA GÖKÇEKUŞ ECZANESİ,24
2026-11-22,LEFKOSA,HÜSEYİN SAKALLI ECZANESİ,24
2026-11-22,LEFKOSA,BEHAYİ YILMABAŞAR ECZANESİ,24
2026-11-22,MAGUSA,SÜMER ECZANESİ,24
2026-11-22,MAGUSA,ÇİSE SEZEREL ECZANESİ,24
2026-11-22,GIRNE,SELİN ESER ECZANESİ,24
2026-11-22,GIRNE,SHİMA ECZANESİ,24
2026-11-22,GIRNE,SALİM KARABEKİR ECZANESİ,24
2026-11-22,GUZELYURT,GİLANLI ECZANESİ,24
2026-11-22,LEFKE,İLKSEN ECZANESİ,24
2026-11-22,ISKELE,SEVİLAY PIRLANTA ECZANESİ,24
2026-11-22,UST_MESARYA,YÜKSEL ECZANESİ,78
2026-11-22,ALT_MESARYA,HOCANIN ECZANESİ,78
2026-11-22,KARPAZ_1,ERENKÖY ECZANESİ,84
2026-11-22,KARPAZ_2,MELEK İBRAHİM ECZANESİ,84
2026-11-23,LEFKOSA,DENİZ ÇORBA ECZANESİ,24
2026-11-23,LEFKOSA,İZEM ECZANESİ,24
2026-11-23,LEFKOSA,ÇAĞIN KORKMAZER ECZANESİ,24
2026-11-23,MAGUSA,NİLHAN SOYSAL ECZANESİ,24
2026-11-23,MAGUSA,KAĞAN KANDEMİR ECZANESİ,24
2026-11-23,GIRNE,ENVER POLİLİ ECZANESİ,24
2026-11-23,GIRNE,AŞAR ECZANESİ,24
2026-11-23,GIRNE,ŞİFALI ECZANESİ,24
2026-11-23,GUZELYURT,İLKİN SADRAZAM ECZANESİ,24
2026-11-23,LEFKE,ALTINCI ECZANESİ,24
2026-11-23,ISKELE,İSKELE ECZANESİ,24
2026-11-23,KARPAZ_1,SAKINER ECZANESİ,84
2026-11-23,KARPAZ_2,OLGUN KAHYAOĞLU ECZANESİ,84
2026-11-24,LEFKOSA,AZİZ GÜZELER ECZANESİ,24
2026-11-24,LEFKOSA,ÇİSE YILDIRIM ECZANESİ,24
2026-11-24,LEFKOSA,YENİŞEHİR ECZANESİ,24
2026-11-24,MAGUSA,PETEK ECZANESİ,24
2026-11-24,MAGUSA,İNEM MİMAR ECZANESİ,24
2026-11-24,GIRNE,DİLARA ÖZHAMİT ECZANESİ,24
2026-11-24,GIRNE,AŞAR KARAOĞLANOĞLU ECZANESİ,24
2026-11-24,GIRNE,PINAR KEKLİK ECZANESİ,24
2026-11-24,GUZELYURT,İNCİ ECZANESİ,24
2026-11-24,LEFKE,ŞİFA BİLDİR ECZANESİ,24
2026-11-24,ISKELE,BUSE ULUÇAY ECZANESİ,24
2026-11-24,KARPAZ_1,BESİM SEVİNDİK ECZANESİ,84
2026-11-24,KARPAZ_2,FATMA KAHYAOĞLU ECZANESİ,84
2026-11-25,LEFKOSA,ZEHRA ECZANESİ,24
2026-11-25,LEFKOSA,İSMET ECZANESİ,24
2026-11-25,LEFKOSA,ALPDOĞAN ECZANESİ,24
2026-11-25,MAGUSA,ERGİN ECZANESİ,24
2026-11-25,MAGUSA,GÖKÇEN İLKTAÇ ECZANESİ,24
2026-11-25,GIRNE,BUĞÇE ECZANESİ,24
2026-11-25,GIRNE,AYDIN LİFE ECZANESİ,24
2026-11-25,GIRNE,SOYERLER ECZANESİ,24
2026-11-25,GUZELYURT,NİLGÜN ECZANESİ,24
2026-11-25,LEFKE,DERVİŞ KUTRET ECZANESİ,24
2026-11-25,ISKELE,ÖZBİRTAN ECZANESİ,24
2026-11-25,KARPAZ_1,KARPAZIN ECZANESİ,84
2026-11-25,KARPAZ_2,MELEK İBRAHİM ECZANESİ,84
2026-11-26,LEFKOSA,SEV ECZANESİ,24
2026-11-26,LEFKOSA,BİLGE TÜRKSEVEN ECZANESİ,24
2026-11-26,LEFKOSA,NERGİS ECZANESİ,24
2026-11-26,MAGUSA,BAHAR ECZANESİ,24
2026-11-26,MAGUSA,MEHMET ARTER ECZANESİ,24
2026-11-26,GIRNE,ALENBAY ECZANESİ,24
2026-11-26,GIRNE,MELİZ 2 ECZANESİ,24
2026-11-26,GIRNE,ASRIN ÜMİT ECZANESİ,24
2026-11-26,GUZELYURT,PEMBE SADIKOĞLU ECZANESİ,24
2026-11-26,LEFKE,AYŞE ALTINTUĞ ECZANESİ,24
2026-11-26,ISKELE,AVİCENNA ECZANESİ,24
2026-11-26,KARPAZ_1,ERENKÖY ECZANESİ,84
2026-11-26,KARPAZ_2,OLGUN KAHYAOĞLU ECZANESİ,84
2026-11-27,LEFKOSA,ORHAN BERKE ECZANESİ,24
2026-11-27,LEFKOSA,DİLAY MENEKAY ECZANESİ,24
2026-11-27,LEFKOSA,ABBASOĞLU ECZANESİ,24
2026-11-27,MAGUSA,DEMET ECZANESİ,24
2026-11-27,MAGUSA,BARIŞER ECZANESİ,24
2026-11-27,GIRNE,ADAŞEHİR ECZANESİ,24
2026-11-27,GIRNE,TÖRENSEL ECZANESİ,24
2026-11-27,GIRNE,AYŞEN ALTAN ECZANESİ,24
2026-11-27,GUZELYURT,RESMİYE ESE ECZANESİ,24
2026-11-27,LEFKE,DİLAN PUL ECZANESİ,24
2026-11-27,ISKELE,ERDEM SURURİ ECZANESİ,24
2026-11-27,KARPAZ_1,SAKINER ECZANESİ,84
2026-11-27,KARPAZ_2,FATMA KAHYAOĞLU ECZANESİ,84
2026-11-28,LEFKOSA,FERİN ECZANESİ,25
2026-11-28,LEFKOSA,BERKE SEMERCİ ECZANESİ,25
2026-11-28,LEFKOSA,VAİZ ECZANESİ,25
2026-11-28,MAGUSA,SÜAY SEVİNÇ ECZANESİ,25
2026-11-28,MAGUSA,ARAS ÖNCÜ ECZANESİ,25
2026-11-28,GIRNE,MEHMET GAZİ KÖYLÜ ECZANESİ,25
2026-11-28,GIRNE,ZİYA SENCER ECZANESİ,25
2026-11-28,GIRNE,ÖZENİR ECZANESİ,25
2026-11-28,GUZELYURT,SEVİL ECZANESİ,25
2026-11-28,LEFKE,OSMAN ULUŞAN ECZANESİ,25
2026-11-28,ISKELE,NALAN ECZANESİ,25
2026-11-28,UST_MESARYA,ESER AVCI ECZANESİ,78
2026-11-28,ALT_MESARYA,KINAY ECZANESİ,78
2026-11-28,KARPAZ_1,BESİM SEVİNDİK ECZANESİ,84
2026-11-28,KARPAZ_2,MELEK İBRAHİM ECZANESİ,84
2026-11-29,LEFKOSA,KERMİYA ECZANESİ,25
2026-11-29,LEFKOSA,ERTUNGA ECZANESİ,25
2026-11-29,LEFKOSA,FATMA YÜRÜN ECZANESİ,25
2026-11-29,MAGUSA,VELİ ATEŞ ECZANESİ,25
2026-11-29,MAGUSA,UMUT ECZANESİ,25
2026-11-29,GIRNE,TURGAY PARALI ECZANESİ,25
2026-11-29,GIRNE,AYHAN ACARKAN ECZANESİ,25
2026-11-29,GIRNE,AHMET ÇAĞER ECZANESİ,25
2026-11-29,GUZELYURT,SERCAN AVCI ECZANESİ,25
2026-11-29,LEFKE,HATİCE SOYER ECZANESİ,25
2026-11-29,ISKELE,SULTAN TOPEL ECZANESİ,25
2026-11-29,UST_MESARYA,GÖNÜL GÜRDAĞ ECZANESİ,78
2026-11-29,ALT_MESARYA,KUDRET ECZANESİ,78
2026-11-29,KARPAZ_1,KARPAZIN ECZANESİ,85
2026-11-29,KARPAZ_2,OLGUN KAHYAOĞLU ECZANESİ,85
2026-11-30,LEFKOSA,GÜLNUR ECZANESİ,25
2026-11-30,LEFKOSA,ADAHAN ECZANESİ,25
2026-11-30,LEFKOSA,AKDORA ECZANESİ,25
2026-11-30,MAGUSA,MELİKE BARBAROS ECZANESİ,25
2026-11-30,MAGUSA,ADA ECZANESİ,25
2026-11-30,GIRNE,TÖREN 2 ECZANESİ,25
2026-11-30,GIRNE,ORÇUN ÖZKASAP ECZANESİ,25
2026-11-30,GIRNE,BARIŞ ECZANESİ,25
2026-11-30,GUZELYURT,AYCAN ECZANESİ,25
2026-11-30,LEFKE,ULUS ECZANESİ,25
2026-11-30,ISKELE,SÜNMEZ ECZANESİ,25
2026-11-30,KARPAZ_1,ERENKÖY ECZANESİ,85
2026-11-30,KARPAZ_2,FATMA KAHYAOĞLU ECZANESİ,85
2026-12-01,LEFKOSA,DİMAY KAĞCAN ECZANESİ,25
2026-12-01,LEFKOSA,ÖZNEM KILINÇKINI ECZANESİ,25
2026-12-01,LEFKOSA,PERVİN ECZANESİ,25
2026-12-01,MAGUSA,AYŞEM ÇİL ECZANESİ,25
2026-12-01,MAGUSA,ECE ECZANESİ,25
2026-12-01,GIRNE,POSTACIOĞLU ECZANESİ,25
2026-12-01,GIRNE,SHİMA ECZANESİ,25
2026-12-01,GIRNE,SOYERLER ECZANESİ,25
2026-12-01,GUZELYURT,ŞİFA SİPERCİ ECZANESİ,25
2026-12-01,LEFKE,İLKSEN ECZANESİ,25
2026-12-01,ISKELE,SEVİLAY PIRLANTA ECZANESİ,25
2026-12-01,KARPAZ_1,SAKINER ECZANESİ,85
2026-12-01,KARPAZ_2,MELEK İBRAHİM ECZANESİ,85
2026-12-02,LEFKOSA,ÇINARLI ECZANESİ,25
2026-12-02,LEFKOSA,MİEL ECZANESİ,25
2026-12-02,LEFKOSA,NECLA EMİN ECZANESİ,25
2026-12-02,MAGUSA,EYLÜL DALKILINÇ ECZANESİ,25
2026-12-02,MAGUSA,HALKIN ECZANESİ,25
2026-12-02,GIRNE,NURÇAĞ ECZANESİ,25
2026-12-02,GIRNE,AYLAND ECZANESİ,25
2026-12-02,GIRNE,ZEHRA KELEBEK ECZANESİ,25
2026-12-02,GUZELYURT,SÜREYYA ÖZCOŞKUN ECZANESİ,25
2026-12-02,LEFKE,SIDIKA UMAR ECZANESİ,25
2026-12-02,ISKELE,MEVLÜT KAÇMAZ ECZANESİ,25
2026-12-02,KARPAZ_1,BESİM SEVİNDİK ECZANESİ,85
2026-12-02,KARPAZ_2,OLGUN KAHYAOĞLU ECZANESİ,85
2026-12-03,LEFKOSA,ATAER ECZANESİ,25
2026-12-03,LEFKOSA,EREN ECZANESİ,25
2026-12-03,LEFKOSA,GALEN ECZANESİ,25
2026-12-03,MAGUSA,MEHMETALİ BEYAZ ECZANESİ,25
2026-12-03,MAGUSA,SERHAT BAYBORA ECZANESİ,25
2026-12-03,GIRNE,GÜNDAL ECZANESİ,25
2026-12-03,GIRNE,BUĞÇE ECZANESİ,25
2026-12-03,GIRNE,NAZIM VARIŞ ECZANESİ,25
2026-12-03,GUZELYURT,UYUMSAL ECZANESİ,25
2026-12-03,LEFKE,DİLAN PUL ECZANESİ,25
2026-12-03,ISKELE,BUSE ULUÇAY ECZANESİ,25
2026-12-03,KARPAZ_1,KARPAZIN ECZANESİ,85
2026-12-03,KARPAZ_2,FATMA KAHYAOĞLU ECZANESİ,85
2026-12-04,LEFKOSA,IŞIK KEREM ECZANESİ,25
2026-12-04,LEFKOSA,RANYA ECZANESİ,25
2026-12-04,LEFKOSA,ARDA ULUPINAR ECZANESİ,25
2026-12-04,MAGUSA,KUNTER GÜVEN ECZANESİ,25
2026-12-04,MAGUSA,ULUÇAY ECZANESİ,25
2026-12-04,GIRNE,GÜNAY VARIŞ ECZANESİ,25
2026-12-04,GIRNE,ENVER POLİLİ ECZANESİ,25
2026-12-04,GIRNE,PINAR KEKLİK ECZANESİ,25
2026-12-04,GUZELYURT,AŞAR ECZANESİ,25
2026-12-04,LEFKE,AYŞE ALTINTUĞ ECZANESİ,25
2026-12-04,ISKELE,AVİCENNA ECZANESİ,25
2026-12-04,KARPAZ_1,ERENKÖY ECZANESİ,85
2026-12-04,KARPAZ_2,MELEK İBRAHİM ECZANESİ,85
2026-12-05,LEFKOSA,UMUT ÖKSÜZ ECZANESİ,26
2026-12-05,LEFKOSA,YELİM ECZANESİ,26
2026-12-05,LEFKOSA,ALİ ERSOY ECZANESİ,26
2026-12-05,MAGUSA,ÖZNERGİS ECZANESİ,26
2026-12-05,MAGUSA,OSMANKAN ECZANESİ,26
2026-12-05,GIRNE,MELİS UZUN ECZANESİ,26
2026-12-05,GIRNE,ERDOĞAN ÖZİKİZ ECZANESİ,26
2026-12-05,GIRNE,AYŞEN ALTAN ECZANESİ,26
2026-12-05,GUZELYURT,SERCAN AVCI ECZANESİ,26
2026-12-05,LEFKE,ALTINCI ECZANESİ,26
2026-12-05,ISKELE,ÖZBİRTAN ECZANESİ,26
2026-12-05,UST_MESARYA,GÜLTEN VELİ ECZANESİ,78
2026-12-05,ALT_MESARYA,GÜNER BİNBOĞA ECZANESİ,78
2026-12-05,KARPAZ_1,SAKINER ECZANESİ,85
2026-12-05,KARPAZ_2,OLGUN KAHYAOĞLU ECZANESİ,85
2026-12-06,LEFKOSA,ÜLKER POZAN ECZANESİ,26
2026-12-06,LEFKOSA,CEMRE ECZANESİ,26
2026-12-06,LEFKOSA,APAYDIN ECZANESİ,26
2026-12-06,MAGUSA,EMİR ECZANESİ,26
2026-12-06,MAGUSA,GİZEM KARAHASAN ECZANESİ,26
2026-12-06,GIRNE,TÖREN ECZANESİ,26
2026-12-06,GIRNE,AYDIN LİFE ECZANESİ,26
2026-12-06,GIRNE,ŞİFALI ECZANESİ,26
2026-12-06,GUZELYURT,CAMCIOĞLU ECZANESİ,26
2026-12-06,LEFKE,ŞİFA BİLDİR ECZANESİ,26
2026-12-06,ISKELE,SÜNMEZ ECZANESİ,26
2026-12-06,UST_MESARYA,MELİZ ECZANESİ,78
2026-12-06,ALT_MESARYA,MEHMET TUT ECZANESİ,78
2026-12-06,KARPAZ_1,BESİM SEVİNDİK ECZANESİ,85
2026-12-06,KARPAZ_2,FATMA KAHYAOĞLU ECZANESİ,85
2026-12-07,LEFKOSA,NİLCAN YAVUZCAN ECZANESİ,26
2026-12-07,LEFKOSA,PAPATYAM ECZANESİ,26
2026-12-07,LEFKOSA,NERİMAN KARATAÇ ECZANESİ,26
2026-12-07,MAGUSA,ASLI EREN ECZANESİ,26
2026-12-07,MAGUSA,MISRA ÖZBAY ECZANESİ,26
2026-12-07,GIRNE,SELİN ESER ECZANESİ,26
2026-12-07,GIRNE,AŞAR KARAOĞLANOĞLU ECZANESİ,26
2026-12-07,GIRNE,SALİM KARABEKİR ECZANESİ,26
2026-12-07,GUZELYURT,DOĞUŞ TÜRKBAYOĞLU ECZANESİ,26
2026-12-07,LEFKE,DERVİŞ KUTRET ECZANESİ,26
2026-12-07,ISKELE,NALAN ECZANESİ,26
2026-12-07,KARPAZ_1,KARPAZIN ECZANESİ,85
2026-12-07,KARPAZ_2,MELEK İBRAHİM ECZANESİ,85
2026-12-08,LEFKOSA,DİLAY KILÇIK ECZANESİ,26
2026-12-08,LEFKOSA,ÇAĞRI CANDANAL ECZANESİ,26
2026-12-08,LEFKOSA,SAFİYE ÇAĞANSEL ECZANESİ,26
2026-12-08,MAGUSA,FAYDALI ECZANESİ,26
2026-12-08,MAGUSA,ÇİSEM ECZANESİ,26
2026-12-08,GIRNE,ILGEN ECZANESİ,26
2026-12-08,GIRNE,RIZKI ECZANESİ,26
2026-12-08,GIRNE,AHMET ÇAĞER ECZANESİ,26
2026-12-08,GUZELYURT,EMİNE ŞENTÜRK ECZANESİ,26
2026-12-08,LEFKE,OSMAN ULUŞAN ECZANESİ,26
2026-12-08,ISKELE,ERDEM SURURİ ECZANESİ,26
2026-12-08,KARPAZ_1,ERENKÖY ECZANESİ,85
2026-12-08,KARPAZ_2,OLGUN KAHYAOĞLU ECZANESİ,85
2026-12-09,LEFKOSA,YENİKENT ECZANESİ,26
2026-12-09,LEFKOSA,TUNA ECZANESİ,26
2026-12-09,LEFKOSA,LA PHARMA ECZANESİ,26
2026-12-09,MAGUSA,BURCU GÖKALP ECZANESİ,26
2026-12-09,MAGUSA,ÇAĞKAN AKSOY ECZANESİ,26
2026-12-09,GIRNE,ADAŞEHİR ECZANESİ,26
2026-12-09,GIRNE,CENGİZ SOLMAZ ECZANESİ,26
2026-12-09,GIRNE,ASRIN ÜMİT ECZANESİ,26
2026-12-09,GUZELYURT,ERİN ECZANESİ,26
2026-12-09,LEFKE,HATİCE SOYER ECZANESİ,26
2026-12-09,ISKELE,SULTAN TOPEL ECZANESİ,26
2026-12-09,KARPAZ_1,SAKINER ECZANESİ,85
2026-12-09,KARPAZ_2,FATMA KAHYAOĞLU ECZANESİ,85
2026-12-10,LEFKOSA,ÖZÇALIŞKAN ECZANESİ,26
2026-12-10,LEFKOSA,CEMALİYE AĞAOĞLU ECZANESİ,26
2026-12-10,LEFKOSA,SÖZÜÖZ ECZANESİ,26
2026-12-10,MAGUSA,ÖZGE KALE ECZANESİ,26
2026-12-10,MAGUSA,FUNDA ERSÖZLÜ ECZANESİ,26
2026-12-10,GIRNE,NESRİN HATİPOĞLU ECZANESİ,26
2026-12-10,GIRNE,MUCİZEM ECZANESİ,26
2026-12-10,GIRNE,BARIŞ ECZANESİ,26
2026-12-10,GUZELYURT,GİLANLI ECZANESİ,26
2026-12-10,LEFKE,AYŞE ALTINTUĞ ECZANESİ,26
2026-12-10,ISKELE,GÖKBERK ALP YAKAR ECZANESİ,26
2026-12-10,KARPAZ_1,BESİM SEVİNDİK ECZANESİ,85
2026-12-10,KARPAZ_2,MELEK İBRAHİM ECZANESİ,85
2026-12-11,LEFKOSA,BALIN ECZANESİ,26
2026-12-11,LEFKOSA,MUSTAFA PEHLİVAN ECZANESİ,26
2026-12-11,LEFKOSA,ÇAĞLAYAN ECZANESİ,26
2026-12-11,MAGUSA,REZAN ECZANESİ,26
2026-12-11,MAGUSA,RANA YONTAR ECZANESİ,26
2026-12-11,GIRNE,DOĞAN BAŞAK ECZANESİ,26
2026-12-11,GIRNE,RIZKI 2 ECZANESİ,26
2026-12-11,GIRNE,ÖZENİR ECZANESİ,26
2026-12-11,GUZELYURT,İLKİN SADRAZAM ECZANESİ,26
2026-12-11,LEFKE,İLKSEN ECZANESİ,26
2026-12-11,ISKELE,İSKELE ECZANESİ,26
2026-12-11,KARPAZ_1,KARPAZIN ECZANESİ,85
2026-12-11,KARPAZ_2,OLGUN KAHYAOĞLU ECZANESİ,85
2026-12-12,LEFKOSA,İNCİRLİ ECZANESİ,26
2026-12-12,LEFKOSA,DİDEM ÖZKAYALI ECZANESİ,26
2026-12-12,LEFKOSA,SEVAL KAYMAK ECZANESİ,26
2026-12-12,MAGUSA,GÜZER ECZANESİ,26
2026-12-12,MAGUSA,NADİRE GÖKALP ECZANESİ,26
2026-12-12,GIRNE,EDA ATAÇAĞ ECZANESİ,26
2026-12-12,GIRNE,SETENAY BENGİSU ECZANESİ,26
2026-12-12,GIRNE,AYDINLİFE ALSANCAK ECZANESİ,26
2026-12-12,GUZELYURT,İNCİ ECZANESİ,26
2026-12-12,LEFKE,ULUS ECZANESİ,26
2026-12-12,ISKELE,PERTEV ZEKİ ECZANESİ,26
2026-12-12,UST_MESARYA,SERDARLI ECZANESİ,78
2026-12-12,ALT_MESARYA,PHARGAMOS ECZANESİ,78
2026-12-12,KARPAZ_1,ERENKÖY ECZANESİ,85
2026-12-12,KARPAZ_2,FATMA KAHYAOĞLU ECZANESİ,85
2026-12-13,LEFKOSA,BAHAR NURLUÖZ ECZANESİ,27
2026-12-13,LEFKOSA,DİLEK ECZANESİ,27
2026-12-13,LEFKOSA,BUSE KARŞILI ECZANESİ,27
2026-12-13,MAGUSA,TURGUT KORHAN ECZANESİ,27
2026-12-13,MAGUSA,ZERİN VOLKAN ECZANESİ,27
2026-12-13,GIRNE,KÜÇÜK ECZANESİ,27
2026-12-13,GIRNE,SOYERLER 1 ECZANESİ,27
2026-12-13,GIRNE,NAZIM VARIŞ ECZANESİ,27
2026-12-13,GUZELYURT,AYCAN ECZANESİ,27
2026-12-13,LEFKE,SIDIKA UMAR ECZANESİ,27
2026-12-13,ISKELE,AVİCENNA ECZANESİ,27
2026-12-13,UST_MESARYA,YÜKSEL ECZANESİ,78
2026-12-13,ALT_MESARYA,SERVET GÖKŞİN ECZANESİ,78
2026-12-13,KARPAZ_1,SAKINER ECZANESİ,85
2026-12-13,KARPAZ_2,MELEK İBRAHİM ECZANESİ,85
2026-12-14,LEFKOSA,CEMİLE FIRINCIOĞLULARI ECZANESİ,27
2026-12-14,LEFKOSA,KIZILBAŞ ECZANESİ,27
2026-12-14,LEFKOSA,TULİS ECZANESİ,27
2026-12-14,MAGUSA,SAKARYA ECZANESİ,27
2026-12-14,MAGUSA,TANYA SALİMER ECZANESİ,27
2026-12-14,GIRNE,MEHMET KAMİLOĞLU ECZANESİ,27
2026-12-14,GIRNE,NEJLA ERÇAL ECZANESİ,27
2026-12-14,GIRNE,SOYERLER ECZANESİ,27
2026-12-14,GUZELYURT,NİLGÜN ECZANESİ,27
2026-12-14,LEFKE,ŞİFA BİLDİR ECZANESİ,27
2026-12-14,ISKELE,ERDEM SURURİ ECZANESİ,27
2026-12-14,KARPAZ_1,BESİM SEVİNDİK ECZANESİ,85
2026-12-14,KARPAZ_2,OLGUN KAHYAOĞLU ECZANESİ,85
2026-12-15,LEFKOSA,CANEŞ ECZANESİ,27
2026-12-15,LEFKOSA,OBA ECZANESİ,27
2026-12-15,LEFKOSA,ARZUM DAVULCU ECZANESİ,27
2026-12-15,MAGUSA,HALİL HAMZALAR ECZANESİ,27
2026-12-15,MAGUSA,VELİ NURLUÖZ ECZANESİ,27
2026-12-15,GIRNE,AYHAN ACARKAN ECZANESİ,27
2026-12-15,GIRNE,İPEK YÖNEY ECZANESİ,27
2026-12-15,GIRNE,AYŞEN ALTAN ECZANESİ,27
2026-12-15,GUZELYURT,RESMİYE ESE ECZANESİ,27
2026-12-15,LEFKE,HATİCE SOYER ECZANESİ,27
2026-12-15,ISKELE,MEVLÜT KAÇMAZ ECZANESİ,27
2026-12-15,KARPAZ_1,KARPAZIN ECZANESİ,85
2026-12-15,KARPAZ_2,FATMA KAHYAOĞLU ECZANESİ,85
2026-12-16,LEFKOSA,GÖNÜL ECZANESİ,27
2026-12-16,LEFKOSA,NELİN ECZANESİ,27
2026-12-16,LEFKOSA,MALEK ECZANESİ,27
2026-12-16,MAGUSA,UZAY ECZANESİ,27
2026-12-16,MAGUSA,ODUNCUOĞLU ECZANESİ,27
2026-12-16,GIRNE,EMİNAĞA ECZANESİ,27
2026-12-16,GIRNE,KANDİL ECZANESİ,27
2026-12-16,GIRNE,MARYAM ECZANESİ,27
2026-12-16,GUZELYURT,SEDEF SONAT ECZANESİ,27
2026-12-16,LEFKE,ALTINCI ECZANESİ,27
2026-12-16,ISKELE,NALAN ECZANESİ,27
2026-12-16,KARPAZ_1,ERENKÖY ECZANESİ,85
2026-12-16,KARPAZ_2,MELEK İBRAHİM ECZANESİ,85
2026-12-17,LEFKOSA,MUSTAFA GÜRMAN ECZANESİ,27
2026-12-17,LEFKOSA,LADEN AKBATUR ECZANESİ,27
2026-12-17,LEFKOSA,SEYRANTEPE ECZANESİ,27
2026-12-17,MAGUSA,KARAKOL ECZANESİ,27
2026-12-17,MAGUSA,HACER BALIKÇI ECZANESİ,27
2026-12-17,GIRNE,DÜNYA ECZANESİ,27
2026-12-17,GIRNE,AŞAR ECZANESİ,27
2026-12-17,GIRNE,AHMET ÇAĞER ECZANESİ,27
2026-12-17,GUZELYURT,SERCAN AVCI ECZANESİ,27
2026-12-17,LEFKE,DERVİŞ KUTRET ECZANESİ,27
2026-12-17,ISKELE,ÖZBİRTAN ECZANESİ,27
2026-12-17,KARPAZ_1,SAKINER ECZANESİ,85
2026-12-17,KARPAZ_2,OLGUN KAHYAOĞLU ECZANESİ,85
2026-12-18,LEFKOSA,ÖZVOL ECZANESİ,27
2026-12-18,LEFKOSA,CEVHER ECZANESİ,27
2026-12-18,LEFKOSA,GÜLİZAR ÖZTEKNİK ECZANESİ,27
2026-12-18,MAGUSA,MEVA ECZANESİ,27
2026-12-18,MAGUSA,ERGİN ECZANESİ,27
2026-12-18,GIRNE,TURGAY PARALI ECZANESİ,27
2026-12-18,GIRNE,ÖMRÜM ECZANESİ,27
2026-12-18,GIRNE,SALİM KARABEKİR ECZANESİ,27
2026-12-18,GUZELYURT,SEVİL ECZANESİ,27
2026-12-18,LEFKE,OSMAN ULUŞAN ECZANESİ,27
2026-12-18,ISKELE,GÖKBERK ALP YAKAR ECZANESİ,27
2026-12-18,KARPAZ_1,BESİM SEVİNDİK ECZANESİ,85
2026-12-18,KARPAZ_2,FATMA KAHYAOĞLU ECZANESİ,85
2026-12-19,LEFKOSA,FULDEN DONANGİL ECZANESİ,27
2026-12-19,LEFKOSA,İSFENDİYAROĞLU ECZANESİ,27
2026-12-19,LEFKOSA,ŞİRİN BOLKAN ECZANESİ,27
2026-12-19,MAGUSA,KAĞAN KANDEMİR ECZANESİ,27
2026-12-19,MAGUSA,ÖREN ECZANESİ,27
2026-12-19,GIRNE,İBRAHİM BARDAK ECZANESİ,27
2026-12-19,GIRNE,SEVİN ÇAĞAY ECZANESİ,27
2026-12-19,GIRNE,ZEHRA KELEBEK ECZANESİ,27
2026-12-19,GUZELYURT,PEMBE SADIKOĞLU ECZANESİ,27
2026-12-19,LEFKE,İLKSEN ECZANESİ,27
2026-12-19,ISKELE,SELİN ECZANESİ,27
2026-12-19,UST_MESARYA,ESER AVCI ECZANESİ,78
2026-12-19,ALT_MESARYA,VADİLİ ECZANESİ,78
2026-12-19,KARPAZ_1,KARPAZIN ECZANESİ,85
2026-12-19,KARPAZ_2,MELEK İBRAHİM ECZANESİ,85
2026-12-20,LEFKOSA,SABİHA BULDUK ECZANESİ,27
2026-12-20,LEFKOSA,AYŞE BIYIKOĞLU ECZANESİ,27
2026-12-20,LEFKOSA,HAMİTKÖY ECZANESİ,27
2026-12-20,MAGUSA,ZEYNEP ECZANESİ,27
2026-12-20,MAGUSA,MELİKE DEMİRSÖZ ECZANESİ,27
2026-12-20,GIRNE,GİRNE ECZANESİ,27
2026-12-20,GIRNE,ADAŞEHİR ECZANESİ,27
2026-12-20,GIRNE,ASRIN ÜMİT ECZANESİ,27
2026-12-20,GUZELYURT,ŞİFA SİPERCİ ECZANESİ,27
2026-12-20,LEFKE,DİLAN PUL ECZANESİ,27
2026-12-20,ISKELE,BUSE ULUÇAY ECZANESİ,27
2026-12-20,UST_MESARYA,GÖNÜL GÜRDAĞ ECZANESİ,78
2026-12-20,ALT_MESARYA,BUĞRA ECZANESİ,78
2026-12-20,KARPAZ_1,ERENKÖY ECZANESİ,86
2026-12-20,KARPAZ_2,OLGUN KAHYAOĞLU ECZANESİ,86
2026-12-21,LEFKOSA,BAHİRE ÖZSU AKDOĞAN ECZANESİ,28
2026-12-21,LEFKOSA,ÇAĞANSOY ECZANESİ,28
2026-12-21,LEFKOSA,SEVGİ KIRBOĞA ECZANESİ,28
2026-12-21,MAGUSA,VEZİROĞLU ECZANESİ,28
2026-12-21,MAGUSA,SÜMER ECZANESİ,28
2026-12-21,GIRNE,NESRİN HATİPOĞLU ECZANESİ,28
2026-12-21,GIRNE,TÖRENSEL ECZANESİ,28
2026-12-21,GIRNE,PINAR KEKLİK ECZANESİ,28
2026-12-21,GUZELYURT,UYUMSAL ECZANESİ,28
2026-12-21,LEFKE,HATİCE SOYER ECZANESİ,28
2026-12-21,ISKELE,PERTEV ZEKİ ECZANESİ,28
2026-12-21,KARPAZ_1,SAKINER ECZANESİ,86
2026-12-21,KARPAZ_2,FATMA KAHYAOĞLU ECZANESİ,86
2026-12-22,LEFKOSA,SEZER ECZANESİ,28
2026-12-22,LEFKOSA,LEFKOŞA ECZANESİ,28
2026-12-22,LEFKOSA,SUDE UZUN ECZANESİ,28
2026-12-22,MAGUSA,MELİKE BARBAROS ECZANESİ,28
2026-12-22,MAGUSA,NASİM ECZANESİ,28
2026-12-22,GIRNE,ARDA ÇELİK ECZANESİ,28
2026-12-22,GIRNE,ZİYA SENCER ECZANESİ,28
2026-12-22,GIRNE,ŞİFALI ECZANESİ,28
2026-12-22,GUZELYURT,AŞAR ECZANESİ,28
2026-12-22,LEFKE,ULUS ECZANESİ,28
2026-12-22,ISKELE,SULTAN TOPEL ECZANESİ,28
2026-12-22,KARPAZ_1,BESİM SEVİNDİK ECZANESİ,86
2026-12-22,KARPAZ_2,MELEK İBRAHİM ECZANESİ,86
2026-12-23,LEFKOSA,TÜRKAN ŞENTİP ECZANESİ,28
2026-12-23,LEFKOSA,GÜNEY ENGİNOL ECZANESİ,28
2026-12-23,LEFKOSA,OBA 2 ECZANESİ,28
2026-12-23,MAGUSA,ERTUĞ EMİN ECZANESİ,28
2026-12-23,MAGUSA,PETEK ECZANESİ,28
2026-12-23,GIRNE,MELİZ 2 ECZANESİ,28
2026-12-23,GIRNE,ORÇUN ÖZKASAP ECZANESİ,28
2026-12-23,GIRNE,MARYAM ECZANESİ,28
2026-12-23,GUZELYURT,SÜREYYA ÖZCOŞKUN ECZANESİ,28
2026-12-23,LEFKE,SIDIKA UMAR ECZANESİ,28
2026-12-23,ISKELE,SÜNMEZ ECZANESİ,28
2026-12-23,KARPAZ_1,KARPAZIN ECZANESİ,86
2026-12-23,KARPAZ_2,OLGUN KAHYAOĞLU ECZANESİ,86
2026-12-24,LEFKOSA,BUSE AVCI ECZANESİ,28
2026-12-24,LEFKOSA,EBRU BAŞAY ECZANESİ,28
2026-12-24,LEFKOSA,KAPTANCAN ECZANESİ,28
2026-12-24,MAGUSA,HANDE BESMEL ECZANESİ,28
2026-12-24,MAGUSA,BARIŞER ECZANESİ,28
2026-12-24,GIRNE,EDA ATAÇAĞ ECZANESİ,28
2026-12-24,GIRNE,İPEK YÖNEY ECZANESİ,28
2026-12-24,GIRNE,ÖZENİR ECZANESİ,28
2026-12-24,GUZELYURT,CAMCIOĞLU ECZANESİ,28
2026-12-24,LEFKE,AYŞE ALTINTUĞ ECZANESİ,28
2026-12-24,ISKELE,AVİCENNA ECZANESİ,28
2026-12-24,KARPAZ_1,ERENKÖY ECZANESİ,86
2026-12-24,KARPAZ_2,FATMA KAHYAOĞLU ECZANESİ,86
2026-12-25,LEFKOSA,DİLEM UZCAN ECZANESİ,28
2026-12-25,LEFKOSA,YUSUF TANDOĞAN ECZANESİ,28
2026-12-25,LEFKOSA,YEŞİM ECZANESİ,28
2026-12-25,MAGUSA,MEHMET ARTER ECZANESİ,28
2026-12-25,MAGUSA,UMUT ECZANESİ,28
2026-12-25,GIRNE,CENGİZ SOLMAZ ECZANESİ,28
2026-12-25,GIRNE,TÖREN 2 ECZANESİ,28
2026-12-25,GIRNE,AYDINLİFE ALSANCAK ECZANESİ,28
2026-12-25,GUZELYURT,DOĞUŞ TÜRKBAYOĞLU ECZANESİ,28
2026-12-25,LEFKE,ALTINCI ECZANESİ,28
2026-12-25,ISKELE,SELİN ECZANESİ,28
2026-12-25,KARPAZ_1,SAKINER ECZANESİ,86
2026-12-25,KARPAZ_2,MELEK İBRAHİM ECZANESİ,86
2026-12-26,LEFKOSA,AKDENİZ ECZANESİ,28
2026-12-26,LEFKOSA,ÇİSE YILDIRIM ECZANESİ,28
2026-12-26,LEFKOSA,MERVE BİLLUR ECZANESİ,28
2026-12-26,MAGUSA,SERHAT BAYBORA ECZANESİ,28
2026-12-26,MAGUSA,ASYA TEKBIYIK ECZANESİ,28
2026-12-26,GIRNE,ÖZGE ÖZÇINAR ECZANESİ,28
2026-12-26,GIRNE,KARAOĞLANOĞLU ECZANESİ,28
2026-12-26,GIRNE,BARIŞ ECZANESİ,28
2026-12-26,GUZELYURT,EMİNE ŞENTÜRK ECZANESİ,28
2026-12-26,LEFKE,DERVİŞ KUTRET ECZANESİ,28
2026-12-26,ISKELE,SEVİLAY PIRLANTA ECZANESİ,28
2026-12-26,UST_MESARYA,GÜLTEN VELİ ECZANESİ,78
2026-12-26,ALT_MESARYA,DOĞUŞ ACARÖZ ECZANESİ,78
2026-12-26,KARPAZ_1,BESİM SEVİNDİK ECZANESİ,86
2026-12-26,KARPAZ_2,OLGUN KAHYAOĞLU ECZANESİ,86
2026-12-27,LEFKOSA,İMGE ECZANESİ,28
2026-12-27,LEFKOSA,HALKSEVER ECZANESİ,28
2026-12-27,LEFKOSA,ŞERİFE ADEMOĞULLARI ECZANESİ,28
2026-12-27,MAGUSA,SEMAHAT ATAYOL ECZANESİ,28
2026-12-27,MAGUSA,DEMET ECZANESİ,28
2026-12-27,GIRNE,ŞULE YILDIZDOĞAN ECZANESİ,28
2026-12-27,GIRNE,ALENBAY ECZANESİ,28
2026-12-27,GIRNE,SOYERLER ECZANESİ,28
2026-12-27,GUZELYURT,ERİN ECZANESİ,28
2026-12-27,LEFKE,OSMAN ULUŞAN ECZANESİ,28
2026-12-27,ISKELE,ERDEM SURURİ ECZANESİ,28
2026-12-27,UST_MESARYA,MELİZ ECZANESİ,78
2026-12-27,ALT_MESARYA,DÖRTYOL ECZANESİ,78
2026-12-27,KARPAZ_1,KARPAZIN ECZANESİ,86
2026-12-27,KARPAZ_2,FATMA KAHYAOĞLU ECZANESİ,86
2026-12-28,LEFKOSA,ORTAKÖY ECZANESİ,29
2026-12-28,LEFKOSA,HAZAL REİS ECZANESİ,29
2026-12-28,LEFKOSA,MOR SAFİR ECZANESİ,29
2026-12-28,MAGUSA,HİÇKORKMAZ ECZANESİ,29
2026-12-28,MAGUSA,AYŞEM ÇİL ECZANESİ,29
2026-12-28,GIRNE,TURGAY PARALI ECZANESİ,29
2026-12-28,GIRNE,AŞAR KARAOĞLANOĞLU ECZANESİ,29
2026-12-28,GIRNE,AYŞEN ALTAN ECZANESİ,29
2026-12-28,GUZELYURT,GİLANLI ECZANESİ,29
2026-12-28,LEFKE,HATİCE SOYER ECZANESİ,29
2026-12-28,ISKELE,İSKELE ECZANESİ,29
2026-12-28,KARPAZ_1,ERENKÖY ECZANESİ,86
2026-12-28,KARPAZ_2,MELEK İBRAHİM ECZANESİ,86
2026-12-29,LEFKOSA,FERİN ECZANESİ,29
2026-12-29,LEFKOSA,İZEM ECZANESİ,29
2026-12-29,LEFKOSA,HÜSEYİN SAKALLI ECZANESİ,29
2026-12-29,MAGUSA,ÇİSE SEZEREL ECZANESİ,29
2026-12-29,MAGUSA,NİLHAN SOYSAL ECZANESİ,29
2026-12-29,GIRNE,AYHAN ACARKAN ECZANESİ,29
2026-12-29,GIRNE,MEHMET GAZİ KÖYLÜ ECZANESİ,29
2026-12-29,GIRNE,MARYAM ECZANESİ,29
2026-12-29,GUZELYURT,İLKİN SADRAZAM ECZANESİ,29
2026-12-29,LEFKE,DİLAN PUL ECZANESİ,29
2026-12-29,ISKELE,SULTAN TOPEL ECZANESİ,29
2026-12-29,KARPAZ_1,SAKINER ECZANESİ,86
2026-12-29,KARPAZ_2,OLGUN KAHYAOĞLU ECZANESİ,86
2026-12-30,LEFKOSA,GÜLİSTAN ARICI ECZANESİ,29
2026-12-30,LEFKOSA,SEV ECZANESİ,29
2026-12-30,LEFKOSA,SÜHEYLA AŞAN ECZANESİ,29
2026-12-30,MAGUSA,BUĞÇE BAYRAM ECZANESİ,29
2026-12-30,MAGUSA,İÇTEN ECZANESİ,29
2026-12-30,GIRNE,SETENAY BENGİSU ECZANESİ,29
2026-12-30,GIRNE,TÖREN ECZANESİ,29
2026-12-30,GIRNE,PINAR KEKLİK ECZANESİ,29
2026-12-30,GUZELYURT,SEVİL ECZANESİ,29
2026-12-30,LEFKE,ŞİFA BİLDİR ECZANESİ,29
2026-12-30,ISKELE,GÖKBERK ALP YAKAR ECZANESİ,29
2026-12-30,KARPAZ_1,BESİM SEVİNDİK ECZANESİ,86
2026-12-30,KARPAZ_2,FATMA KAHYAOĞLU ECZANESİ,86
2026-12-31,LEFKOSA,SERKAN KERVAN ECZANESİ,29
2026-12-31,LEFKOSA,ÇAĞIN KORKMAZER ECZANESİ,29
2026-12-31,LEFKOSA,ALPDOĞAN ECZANESİ,29
2026-12-31,MAGUSA,ULUÇAY ECZANESİ,29
2026-12-31,MAGUSA,AYBENK ECZANESİ,29
2026-12-31,GIRNE,MELİSA İŞİMTEKİN ECZANESİ,29
2026-12-31,GIRNE,DİLARA ÖZHAMİT ECZANESİ,29
2026-12-31,GIRNE,NAZIM VARIŞ ECZANESİ,29
2026-12-31,GUZELYURT,SERCAN AVCI ECZANESİ,29
2026-12-31,LEFKE,İLKSEN ECZANESİ,29
2026-12-31,ISKELE,ÖZBİRTAN ECZANESİ,29
2026-12-31,UST_MESARYA,ESER AVCI ECZANESİ,78
2026-12-31,ALT_MESARYA,MEHMET TUT ECZANESİ,78
2026-12-31,KARPAZ_1,KARPAZIN ECZANESİ,86
2026-12-31,KARPAZ_2,MELEK İBRAHİM ECZANESİ,86
2027-01-01,LEFKOSA,SERNA ECZANESİ,29
2027-01-01,LEFKOSA,VAİZ ECZANESİ,29
2027-01-01,LEFKOSA,DİLAY MENEKAY ECZANESİ,29
2027-01-01,MAGUSA,AYŞE ÖZBEYCAN ECZANESİ,29
2027-01-01,MAGUSA,FAYDALI ECZANESİ,29
2027-01-01,GIRNE,DOĞAN BAŞAK ECZANESİ,29
2027-01-01,GIRNE,ARDA ÇELİK ECZANESİ,29
2027-01-01,GIRNE,SALİM KARABEKİR ECZANESİ,29
2027-01-01,GUZELYURT,RESMİYE ESE ECZANESİ,29
2027-01-01,LEFKE,ULUS ECZANESİ,29
2027-01-01,ISKELE,SÜNMEZ ECZANESİ,29
2027-01-01,KARPAZ_1,ERENKÖY ECZANESİ,86
2027-01-01,KARPAZ_2,OLGUN KAHYAOĞLU ECZANESİ,86
2027-01-02,LEFKOSA,SERPİN ONAY ECZANESİ,29
2027-01-02,LEFKOSA,GÖNYELİ ECZANESİ,29
2027-01-02,LEFKOSA,ARASTA ECZANESİ,29
2027-01-02,MAGUSA,BAHAR ECZANESİ,29
2027-01-02,MAGUSA,RANA YONTAR ECZANESİ,29
2027-01-02,GIRNE,GÜNAY VARIŞ ECZANESİ,29
2027-01-02,GIRNE,KANDİL ECZANESİ,29
2027-01-02,GIRNE,ASRIN ÜMİT ECZANESİ,29
2027-01-02,GUZELYURT,NİLGÜN ECZANESİ,29
2027-01-02,LEFKE,SIDIKA UMAR ECZANESİ,29
2027-01-02,ISKELE,SULTAN TOPEL ECZANESİ,29
2027-01-02,UST_MESARYA,YÜKSEL ECZANESİ,78
2027-01-02,ALT_MESARYA,HOCANIN ECZANESİ,78
2027-01-02,KARPAZ_1,SAKINER ECZANESİ,86
2027-01-02,KARPAZ_2,FATMA KAHYAOĞLU ECZANESİ,86
2027-01-03,LEFKOSA,DAMLA KARDÜZ ECZANESİ,29
2027-01-03,LEFKOSA,EREN ECZANESİ,29
2027-01-03,LEFKOSA,SONUÇ ECZANESİ,29
2027-01-03,MAGUSA,İNEM MİMAR ECZANESİ,29
2027-01-03,MAGUSA,LARNAKA YOLU ECZANESİ,29
2027-01-03,GIRNE,EMİNAĞA ECZANESİ,29
2027-01-03,GIRNE,NEJLA ERÇAL ECZANESİ,29
2027-01-03,GIRNE,AHMET ÇAĞER ECZANESİ,29
2027-01-03,GUZELYURT,PEMBE SADIKOĞLU ECZANESİ,29
2027-01-03,LEFKE,AYŞE ALTINTUĞ ECZANESİ,29
2027-01-03,ISKELE,BUSE ULUÇAY ECZANESİ,29
2027-01-03,UST_MESARYA,GÜLTEN VELİ ECZANESİ,78
2027-01-03,ALT_MESARYA,KINAY ECZANESİ,78
2027-01-03,KARPAZ_1,BESİM SEVİNDİK ECZANESİ,86
2027-01-03,KARPAZ_2,MELEK İBRAHİM ECZANESİ,86
2027-01-04,LEFKOSA,SEVCAN ECZANESİ,29
2027-01-04,LEFKOSA,ERTUNGA ECZANESİ,29
2027-01-04,LEFKOSA,KEZİBAN TİLKİ ECZANESİ,29
2027-01-04,MAGUSA,GÖKÇEN İLKTAÇ ECZANESİ,29
2027-01-04,MAGUSA,ÖZGE KALE ECZANESİ,29
2027-01-04,GIRNE,SEVİN ÇAĞAY ECZANESİ,29
2027-01-04,GIRNE,SOYERLER 1 ECZANESİ,29
2027-01-04,GIRNE,ŞİFALI ECZANESİ,29
2027-01-04,GUZELYURT,DOĞUŞ TÜRKBAYOĞLU ECZANESİ,29
2027-01-04,LEFKE,OSMAN ULUŞAN ECZANESİ,29
2027-01-04,ISKELE,İSKELE ECZANESİ,29
2027-01-04,KARPAZ_1,KARPAZIN ECZANESİ,86
2027-01-04,KARPAZ_2,OLGUN KAHYAOĞLU ECZANESİ,86
2027-01-05,LEFKOSA,EMEL ATAÇAĞ ECZANESİ,30
2027-01-05,LEFKOSA,DEREBOYU ECZANESİ,30
2027-01-05,LEFKOSA,ZEHRA ECZANESİ,30
2027-01-05,MAGUSA,SÜAY SEVİNÇ ECZANESİ,30
2027-01-05,MAGUSA,TURGUT KORHAN ECZANESİ,30
2027-01-05,GIRNE,GİRNE ECZANESİ,30
2027-01-05,GIRNE,NESRİN HATİPOĞLU ECZANESİ,30
2027-01-05,GIRNE,ZEHRA KELEBEK ECZANESİ,30
2027-01-05,GUZELYURT,SEDEF SONAT ECZANESİ,30
2027-01-05,LEFKE,DERVİŞ KUTRET ECZANESİ,30
2027-01-05,ISKELE,MEVLÜT KAÇMAZ ECZANESİ,30
2027-01-05,KARPAZ_1,ERENKÖY ECZANESİ,86
2027-01-05,KARPAZ_2,FATMA KAHYAOĞLU ECZANESİ,86
2027-01-06,LEFKOSA,EMİNE KESKİN ECZANESİ,30
2027-01-06,LEFKOSA,FATMA AŞİNA ECZANESİ,30
2027-01-06,LEFKOSA,BEHAYİ YILMABAŞAR ECZANESİ,30
2027-01-06,MAGUSA,ARAS ÖNCÜ ECZANESİ,30
2027-01-06,MAGUSA,REZAN ECZANESİ,30
2027-01-06,GIRNE,ŞULE YILDIZDOĞAN ECZANESİ,30
2027-01-06,GIRNE,MEHMET KAMİLOĞLU ECZANESİ,30
2027-01-06,GIRNE,ÖZENİR ECZANESİ,30
2027-01-06,GUZELYURT,SERCAN AVCI ECZANESİ,30
2027-01-06,LEFKE,ALTINCI ECZANESİ,30
2027-01-06,ISKELE,NALAN ECZANESİ,30
2027-01-06,KARPAZ_1,SAKINER ECZANESİ,86
2027-01-06,KARPAZ_2,MELEK İBRAHİM ECZANESİ,86
2027-01-07,LEFKOSA,AZİZ GÜZELER ECZANESİ,30
2027-01-07,LEFKOSA,FATMA YÜRÜN ECZANESİ,30
2027-01-07,LEFKOSA,ERSAĞ ECZANESİ,30
2027-01-07,MAGUSA,VELİ ATEŞ ECZANESİ,30
2027-01-07,MAGUSA,GÜZER ECZANESİ,30
2027-01-07,GIRNE,İBRAHİM BARDAK ECZANESİ,30
2027-01-07,GIRNE,MEHMET GAZİ KÖYLÜ ECZANESİ,30
2027-01-07,GIRNE,AYDINLİFE ALSANCAK ECZANESİ,30
2027-01-07,GUZELYURT,SEVİL ECZANESİ,30
2027-01-07,LEFKE,HATİCE SOYER ECZANESİ,30
2027-01-07,ISKELE,SEVİLAY PIRLANTA ECZANESİ,30
2027-01-07,KARPAZ_1,BESİM SEVİNDİK ECZANESİ,86
2027-01-07,KARPAZ_2,OLGUN KAHYAOĞLU ECZANESİ,86
2027-01-08,LEFKOSA,HARİKA OTAĞ ECZANESİ,30
2027-01-08,LEFKOSA,ÇELER ECZANESİ,30
2027-01-08,LEFKOSA,İSMET ECZANESİ,30
2027-01-08,MAGUSA,HALKIN ECZANESİ,30
2027-01-08,MAGUSA,SAKARYA ECZANESİ,30
2027-01-08,GIRNE,ÖZGE ÖZÇINAR ECZANESİ,30
2027-01-08,GIRNE,RIZKI 2 ECZANESİ,30
2027-01-08,GIRNE,BARIŞ ECZANESİ,30
2027-01-08,GUZELYURT,ŞİFA SİPERCİ ECZANESİ,30
2027-01-08,LEFKE,ŞİFA BİLDİR ECZANESİ,30
2027-01-08,ISKELE,ÖZBİRTAN ECZANESİ,30
2027-01-08,KARPAZ_1,KARPAZIN ECZANESİ,86
2027-01-08,KARPAZ_2,FATMA KAHYAOĞLU ECZANESİ,86
2027-01-09,LEFKOSA,DAĞMAN ECZANESİ,30
2027-01-09,LEFKOSA,YENİŞEHİR ECZANESİ,30
2027-01-09,LEFKOSA,NECLA EMİN ECZANESİ,30
2027-01-09,MAGUSA,EYLÜL DALKILINÇ ECZANESİ,30
2027-01-09,MAGUSA,MEHMETALİ BEYAZ ECZANESİ,30
2027-01-09,GIRNE,ILGEN ECZANESİ,30
2027-01-09,GIRNE,ÖMRÜM ECZANESİ,30
2027-01-09,GIRNE,PINAR KEKLİK ECZANESİ,30
2027-01-09,GUZELYURT,SÜREYYA ÖZCOŞKUN ECZANESİ,30
2027-01-09,LEFKE,DİLAN PUL ECZANESİ,30
2027-01-09,ISKELE,SELİN ECZANESİ,30
2027-01-09,UST_MESARYA,GÖNÜL GÜRDAĞ ECZANESİ,78
2027-01-09,ALT_MESARYA,KUDRET ECZANESİ,78
2027-01-09,KARPAZ_1,ERENKÖY ECZANESİ,86
2027-01-09,KARPAZ_2,MELEK İBRAHİM ECZANESİ,86
2027-01-10,LEFKOSA,AHMET MISIRLI ECZANESİ,30
2027-01-10,LEFKOSA,NECATİBEY ECZANESİ,30
2027-01-10,LEFKOSA,BİLGE TÜRKSEVEN ECZANESİ,30
2027-01-10,MAGUSA,ADA ECZANESİ,30
2027-01-10,MAGUSA,BARIŞER ECZANESİ,30
2027-01-10,GIRNE,POSTACIOĞLU ECZANESİ,30
2027-01-10,GIRNE,ORÇUN ÖZKASAP ECZANESİ,30
2027-01-10,GIRNE,MARYAM ECZANESİ,30
2027-01-10,GUZELYURT,UYUMSAL ECZANESİ,30
2027-01-10,LEFKE,İLKSEN ECZANESİ,30
2027-01-10,ISKELE,GÖKBERK ALP YAKAR ECZANESİ,30
2027-01-10,UST_MESARYA,ESER AVCI ECZANESİ,78
2027-01-10,ALT_MESARYA,MEHMET HOCA ECZANESİ,78
2027-01-10,KARPAZ_1,SAKINER ECZANESİ,87
2027-01-10,KARPAZ_2,OLGUN KAHYAOĞLU ECZANESİ,87
2027-01-11,LEFKOSA,SEVGİ KARABEKİR ECZANESİ,30
2027-01-11,LEFKOSA,NERGİS ECZANESİ,30
2027-01-11,LEFKOSA,PERVİN ECZANESİ,30
2027-01-11,MAGUSA,ÇİSEM ECZANESİ,30
2027-01-11,MAGUSA,TANYA SALİMER ECZANESİ,30
2027-01-11,GIRNE,ALENBAY ECZANESİ,30
2027-01-11,GIRNE,AYHAN ACARKAN ECZANESİ,30
2027-01-11,GIRNE,SOYERLER ECZANESİ,30
2027-01-11,GUZELYURT,AŞAR ECZANESİ,30
2027-01-11,LEFKE,SIDIKA UMAR ECZANESİ,30
2027-01-11,ISKELE,PERTEV ZEKİ ECZANESİ,30
2027-01-11,KARPAZ_1,BESİM SEVİNDİK ECZANESİ,87
2027-01-11,KARPAZ_2,FATMA KAHYAOĞLU ECZANESİ,87
2027-01-12,LEFKOSA,LAİKA GÖKÇEKUŞ ECZANESİ,30
2027-01-12,LEFKOSA,PAPATYAM ECZANESİ,30
2027-01-12,LEFKOSA,AKDORA ECZANESİ,30
2027-01-12,MAGUSA,FUNDA ERSÖZLÜ ECZANESİ,30
2027-01-12,MAGUSA,HACER BALIKÇI ECZANESİ,30
2027-01-12,GIRNE,ADAŞEHİR ECZANESİ,30
2027-01-12,GIRNE,KARAOĞLANOĞLU ECZANESİ,30
2027-01-12,GIRNE,NAZIM VARIŞ ECZANESİ,30
2027-01-12,GUZELYURT,AYCAN ECZANESİ,30
2027-01-12,LEFKE,ULUS ECZANESİ,30
2027-01-12,ISKELE,AVİCENNA ECZANESİ,30
2027-01-12,KARPAZ_1,KARPAZIN ECZANESİ,87
2027-01-12,KARPAZ_2,MELEK İBRAHİM ECZANESİ,87
2027-01-13,LEFKOSA,DİMAY KAĞCAN ECZANESİ,30
2027-01-13,LEFKOSA,RANYA ECZANESİ,30
2027-01-13,LEFKOSA,BERKE SEMERCİ ECZANESİ,30
2027-01-13,MAGUSA,KUNTER GÜVEN ECZANESİ,30
2027-01-13,MAGUSA,ÖZNERGİS ECZANESİ,30
2027-01-13,GIRNE,MELİZ 2 ECZANESİ,30
2027-01-13,GIRNE,SHİMA ECZANESİ,30
2027-01-13,GIRNE,AYŞEN ALTAN ECZANESİ,30
2027-01-13,GUZELYURT,CAMCIOĞLU ECZANESİ,30
2027-01-13,LEFKE,AYŞE ALTINTUĞ ECZANESİ,30
2027-01-13,ISKELE,SEVİLAY PIRLANTA ECZANESİ,30
2027-01-13,KARPAZ_1,ERENKÖY ECZANESİ,87
2027-01-13,KARPAZ_2,OLGUN KAHYAOĞLU ECZANESİ,87
2027-01-14,LEFKOSA,KERMİYA ECZANESİ,31
2027-01-14,LEFKOSA,CEMRE ECZANESİ,31
2027-01-14,LEFKOSA,SAFİYE ÇAĞANSEL ECZANESİ,31
2027-01-14,MAGUSA,ASLI EREN ECZANESİ,31
2027-01-14,MAGUSA,UZAY ECZANESİ,31
2027-01-14,GIRNE,MELİS UZUN ECZANESİ,31
2027-01-14,GIRNE,RIZKI ECZANESİ,31
2027-01-14,GIRNE,SALİM KARABEKİR ECZANESİ,31
2027-01-14,GUZELYURT,DOĞUŞ TÜRKBAYOĞLU ECZANESİ,31
2027-01-14,LEFKE,OSMAN ULUŞAN ECZANESİ,31
2027-01-14,ISKELE,SULTAN TOPEL ECZANESİ,31
2027-01-14,KARPAZ_1,SAKINER ECZANESİ,87
2027-01-14,KARPAZ_2,FATMA KAHYAOĞLU ECZANESİ,87
2027-01-15,LEFKOSA,ÇAĞRI CANDANAL ECZANESİ,31
2027-01-15,LEFKOSA,ARDA ULUPINAR ECZANESİ,31
2027-01-15,LEFKOSA,SÖZÜÖZ ECZANESİ,31
2027-01-15,MAGUSA,OSMANKAN ECZANESİ,31
2027-01-15,MAGUSA,NADİRE GÖKALP ECZANESİ,31
2027-01-15,GIRNE,AŞAR ECZANESİ,31
2027-01-15,GIRNE,ERDOĞAN ÖZİKİZ ECZANESİ,31
2027-01-15,GIRNE,ASRIN ÜMİT ECZANESİ,31
2027-01-15,GUZELYURT,EMİNE ŞENTÜRK ECZANESİ,31
2027-01-15,LEFKE,ALTINCI ECZANESİ,31
2027-01-15,ISKELE,MEVLÜT KAÇMAZ ECZANESİ,31
2027-01-15,KARPAZ_1,BESİM SEVİNDİK ECZANESİ,87
2027-01-15,KARPAZ_2,MELEK İBRAHİM ECZANESİ,87
2027-01-16,LEFKOSA,ORHAN BERKE ECZANESİ,31
2027-01-16,LEFKOSA,YONCA HATİPOĞLU ECZANESİ,31
2027-01-16,LEFKOSA,NERİMAN KARATAÇ ECZANESİ,31
2027-01-16,MAGUSA,MEVA ECZANESİ,31
2027-01-16,MAGUSA,MISRA ÖZBAY ECZANESİ,31
2027-01-16,GIRNE,MEHMET KAMİLOĞLU ECZANESİ,31
2027-01-16,GIRNE,İPEK YÖNEY ECZANESİ,31
2027-01-16,GIRNE,BARIŞ ECZANESİ,31
2027-01-16,GUZELYURT,ERİN ECZANESİ,31
2027-01-16,LEFKE,HATİCE SOYER ECZANESİ,31
2027-01-16,ISKELE,SÜNMEZ ECZANESİ,31
2027-01-16,UST_MESARYA,SERDARLI ECZANESİ,78
2027-01-16,ALT_MESARYA,GÜNER BİNBOĞA ECZANESİ,78
2027-01-16,KARPAZ_1,KARPAZIN ECZANESİ,87
2027-01-16,KARPAZ_2,OLGUN KAHYAOĞLU ECZANESİ,87
2027-01-17,LEFKOSA,DENİZ ÇORBA ECZANESİ,31
2027-01-17,LEFKOSA,ABBASOĞLU ECZANESİ,31
2027-01-17,LEFKOSA,ÖZNEM KILINÇKINI ECZANESİ,31
2027-01-17,MAGUSA,ERGİN ECZANESİ,31
2027-01-17,MAGUSA,NASİM ECZANESİ,31
2027-01-17,GIRNE,ENVER POLİLİ ECZANESİ,31
2027-01-17,GIRNE,GÜNDAL ECZANESİ,31
2027-01-17,GIRNE,AYDINLİFE ALSANCAK ECZANESİ,31
2027-01-17,GUZELYURT,GİLANLI ECZANESİ,31
2027-01-17,LEFKE,DERVİŞ KUTRET ECZANESİ,31
2027-01-17,ISKELE,İSKELE ECZANESİ,31
2027-01-17,UST_MESARYA,YÜKSEL ECZANESİ,78
2027-01-17,ALT_MESARYA,PHARGAMOS ECZANESİ,78
2027-01-17,KARPAZ_1,ERENKÖY ECZANESİ,87
2027-01-17,KARPAZ_2,FATMA KAHYAOĞLU ECZANESİ,87
2027-01-18,LEFKOSA,APAYDIN ECZANESİ,31
2027-01-18,LEFKOSA,DİLEK ECZANESİ,31
2027-01-18,LEFKOSA,ALİ ERSOY ECZANESİ,31
2027-01-18,MAGUSA,GİZEM KARAHASAN ECZANESİ,31
2027-01-18,MAGUSA,HALİL HAMZALAR ECZANESİ,31
2027-01-18,GIRNE,AYDIN LİFE ECZANESİ,31
2027-01-18,GIRNE,ZİYA SENCER ECZANESİ,31
2027-01-18,GIRNE,AHMET ÇAĞER ECZANESİ,31
2027-01-18,GUZELYURT,İLKİN SADRAZAM ECZANESİ,31
2027-01-18,LEFKE,ŞİFA BİLDİR ECZANESİ,31
2027-01-18,ISKELE,PERTEV ZEKİ ECZANESİ,31
2027-01-18,KARPAZ_1,SAKINER ECZANESİ,87
2027-01-18,KARPAZ_2,MELEK İBRAHİM ECZANESİ,87
2027-01-19,LEFKOSA,SEVAL KAYMAK ECZANESİ,31
2027-01-19,LEFKOSA,ATAER ECZANESİ,31
2027-01-19,LEFKOSA,YELİM ECZANESİ,31
2027-01-19,MAGUSA,BURCU GÖKALP ECZANESİ,31
2027-01-19,MAGUSA,ZEYNEP ECZANESİ,31
2027-01-19,GIRNE,EDA ATAÇAĞ ECZANESİ,31
2027-01-19,GIRNE,SELİN ESER ECZANESİ,31
2027-01-19,GIRNE,ŞİFALI ECZANESİ,31
2027-01-19,GUZELYURT,İNCİ ECZANESİ,31
2027-01-19,LEFKE,DİLAN PUL ECZANESİ,31
2027-01-19,ISKELE,BUSE ULUÇAY ECZANESİ,31
2027-01-19,KARPAZ_1,BESİM SEVİNDİK ECZANESİ,87
2027-01-19,KARPAZ_2,OLGUN KAHYAOĞLU ECZANESİ,87
2027-01-20,LEFKOSA,CEMİLE FIRINCIOĞLULARI ECZANESİ,31
2027-01-20,LEFKOSA,CANEŞ ECZANESİ,31
2027-01-20,LEFKOSA,ADAHAN ECZANESİ,31
2027-01-20,MAGUSA,EMİR ECZANESİ,31
2027-01-20,MAGUSA,ZERİN VOLKAN ECZANESİ,31
2027-01-20,GIRNE,DÜNYA ECZANESİ,31
2027-01-20,GIRNE,AŞAR KARAOĞLANOĞLU ECZANESİ,31
2027-01-20,GIRNE,ÖZENİR ECZANESİ,31
2027-01-20,GUZELYURT,NİLGÜN ECZANESİ,31
2027-01-20,LEFKE,İLKSEN ECZANESİ,31
2027-01-20,ISKELE,ERDEM SURURİ ECZANESİ,31
2027-01-20,KARPAZ_1,KARPAZIN ECZANESİ,87
2027-01-20,KARPAZ_2,FATMA KAHYAOĞLU ECZANESİ,87
2027-01-21,LEFKOSA,YENİKENT ECZANESİ,31
2027-01-21,LEFKOSA,MUSTAFA PEHLİVAN ECZANESİ,31
2027-01-21,LEFKOSA,DİDEM ÖZKAYALI ECZANESİ,31
2027-01-21,MAGUSA,ÇAĞKAN AKSOY ECZANESİ,31
2027-01-21,MAGUSA,BUĞÇE BAYRAM ECZANESİ,31
2027-01-21,GIRNE,TÖREN 2 ECZANESİ,31
2027-01-21,GIRNE,SOYERLER 1 ECZANESİ,31
2027-01-21,GIRNE,ZEHRA KELEBEK ECZANESİ,31
2027-01-21,GUZELYURT,PEMBE SADIKOĞLU ECZANESİ,31
2027-01-21,LEFKE,AYŞE ALTINTUĞ ECZANESİ,31
2027-01-21,ISKELE,SELİN ECZANESİ,31
2027-01-21,KARPAZ_1,ERENKÖY ECZANESİ,87
2027-01-21,KARPAZ_2,MELEK İBRAHİM ECZANESİ,87
2027-01-22,LEFKOSA,İNCİRLİ ECZANESİ,31
2027-01-22,LEFKOSA,LA PHARMA ECZANESİ,31
2027-01-22,LEFKOSA,NELİN ECZANESİ,31
2027-01-22,MAGUSA,ODUNCUOĞLU ECZANESİ,31
2027-01-22,MAGUSA,AYBENK ECZANESİ,31
2027-01-22,GIRNE,KÜÇÜK ECZANESİ,31
2027-01-22,GIRNE,MUCİZEM ECZANESİ,31
2027-01-22,GIRNE,PINAR KEKLİK ECZANESİ,31
2027-01-22,GUZELYURT,RESMİYE ESE ECZANESİ,31
2027-01-22,LEFKE,SIDIKA UMAR ECZANESİ,31
2027-01-22,ISKELE,GÖKBERK ALP YAKAR ECZANESİ,31
2027-01-22,KARPAZ_1,SAKINER ECZANESİ,87
2027-01-22,KARPAZ_2,OLGUN KAHYAOĞLU ECZANESİ,87
2027-01-23,LEFKOSA,GÜLNUR ECZANESİ,32
2027-01-23,LEFKOSA,ÇAĞLAYAN ECZANESİ,32
2027-01-23,LEFKOSA,MALEK ECZANESİ,32
2027-01-23,MAGUSA,ECE ECZANESİ,32
2027-01-23,MAGUSA,VEZİROĞLU ECZANESİ,32
2027-01-23,GIRNE,TÖREN ECZANESİ,32
2027-01-23,GIRNE,RIZKI ECZANESİ,32
2027-01-23,GIRNE,AYŞEN ALTAN ECZANESİ,32
2027-01-23,GUZELYURT,SEDEF SONAT ECZANESİ,32
2027-01-23,LEFKE,OSMAN ULUŞAN ECZANESİ,32
2027-01-23,ISKELE,BUSE ULUÇAY ECZANESİ,32
2027-01-23,UST_MESARYA,ESER AVCI ECZANESİ,78
2027-01-23,ALT_MESARYA,SERVET GÖKŞİN ECZANESİ,78
2027-01-23,KARPAZ_1,BESİM SEVİNDİK ECZANESİ,87
2027-01-23,KARPAZ_2,FATMA KAHYAOĞLU ECZANESİ,87
2027-01-24,LEFKOSA,TUNA ECZANESİ,32
2027-01-24,LEFKOSA,NİLCAN YAVUZCAN ECZANESİ,32
2027-01-24,LEFKOSA,TULİS ECZANESİ,32
2027-01-24,MAGUSA,VELİ NURLUÖZ ECZANESİ,32
2027-01-24,MAGUSA,AYŞEM ÇİL ECZANESİ,32
2027-01-24,GIRNE,MEHMET GAZİ KÖYLÜ ECZANESİ,32
2027-01-24,GIRNE,CENGİZ SOLMAZ ECZANESİ,32
2027-01-24,GIRNE,NAZIM VARIŞ ECZANESİ,32
2027-01-24,GUZELYURT,SEVİL ECZANESİ,32
2027-01-24,LEFKE,ALTINCI ECZANESİ,32
2027-01-24,ISKELE,PERTEV ZEKİ ECZANESİ,32
2027-01-24,UST_MESARYA,GÖNÜL GÜRDAĞ ECZANESİ,78
2027-01-24,ALT_MESARYA,VADİLİ ECZANESİ,78
2027-01-24,KARPAZ_1,KARPAZIN ECZANESİ,87
2027-01-24,KARPAZ_2,MELEK İBRAHİM ECZANESİ,87
2027-01-25,LEFKOSA,BAHAR NURLUÖZ ECZANESİ,32
2027-01-25,LEFKOSA,FULDEN DONANGİL ECZANESİ,32
2027-01-25,LEFKOSA,AYŞE BIYIKOĞLU ECZANESİ,32
2027-01-25,MAGUSA,MELİKE DEMİRSÖZ ECZANESİ,32
2027-01-25,MAGUSA,BAHAR ECZANESİ,32
2027-01-25,GIRNE,TURGAY PARALI ECZANESİ,32
2027-01-25,GIRNE,DOĞAN BAŞAK ECZANESİ,32
2027-01-25,GIRNE,SOYERLER ECZANESİ,32
2027-01-25,GUZELYURT,SERCAN AVCI ECZANESİ,32
2027-01-25,LEFKE,İLKSEN ECZANESİ,32
2027-01-25,ISKELE,AVİCENNA ECZANESİ,32
2027-01-25,KARPAZ_1,ERENKÖY ECZANESİ,87
2027-01-25,KARPAZ_2,OLGUN KAHYAOĞLU ECZANESİ,87
2027-01-26,LEFKOSA,OBA ECZANESİ,32
2027-01-26,LEFKOSA,KIZILBAŞ ECZANESİ,32
2027-01-26,LEFKOSA,GALEN ECZANESİ,32
2027-01-26,MAGUSA,KARAKOL ECZANESİ,32
2027-01-26,MAGUSA,AYŞE ÖZBEYCAN ECZANESİ,32
2027-01-26,GIRNE,NURÇAĞ ECZANESİ,32
2027-01-26,GIRNE,NEJLA ERÇAL ECZANESİ,32
2027-01-26,GIRNE,MARYAM ECZANESİ,32
2027-01-26,GUZELYURT,ŞİFA SİPERCİ ECZANESİ,32
2027-01-26,LEFKE,HATİCE SOYER ECZANESİ,32
2027-01-26,ISKELE,İSKELE ECZANESİ,32
2027-01-26,KARPAZ_1,SAKINER ECZANESİ,87
2027-01-26,KARPAZ_2,FATMA KAHYAOĞLU ECZANESİ,87
2027-01-27,LEFKOSA,GÖNÜL ECZANESİ,32
2027-01-27,LEFKOSA,SABİHA BULDUK ECZANESİ,32
2027-01-27,LEFKOSA,SEYRANTEPE ECZANESİ,32
2027-01-27,MAGUSA,ÖREN ECZANESİ,32
2027-01-27,MAGUSA,FAYDALI ECZANESİ,32
2027-01-27,GIRNE,SETENAY BENGİSU ECZANESİ,32
2027-01-27,GIRNE,KARAOĞLANOĞLU ECZANESİ,32
2027-01-27,GIRNE,ŞİFALI ECZANESİ,32
2027-01-27,GUZELYURT,SÜREYYA ÖZCOŞKUN ECZANESİ,32
2027-01-27,LEFKE,DERVİŞ KUTRET ECZANESİ,32
2027-01-27,ISKELE,SEVİLAY PIRLANTA ECZANESİ,32
2027-01-27,KARPAZ_1,BESİM SEVİNDİK ECZANESİ,87
2027-01-27,KARPAZ_2,MELEK İBRAHİM ECZANESİ,87
2027-01-28,LEFKOSA,ÜLKER POZAN ECZANESİ,32
2027-01-28,LEFKOSA,LADEN AKBATUR ECZANESİ,32
2027-01-28,LEFKOSA,HAMİTKÖY ECZANESİ,32
2027-01-28,MAGUSA,İNEM MİMAR ECZANESİ,32
2027-01-28,MAGUSA,EYLÜL DALKILINÇ ECZANESİ,32
2027-01-28,GIRNE,ILGEN ECZANESİ,32
2027-01-28,GIRNE,MELİSA İŞİMTEKİN ECZANESİ,32
2027-01-28,GIRNE,BARIŞ ECZANESİ,32
2027-01-28,GUZELYURT,UYUMSAL ECZANESİ,32
2027-01-28,LEFKE,DİLAN PUL ECZANESİ,32
2027-01-28,ISKELE,NALAN ECZANESİ,32
2027-01-28,KARPAZ_1,KARPAZIN ECZANESİ,87
2027-01-28,KARPAZ_2,OLGUN KAHYAOĞLU ECZANESİ,87
2027-01-29,LEFKOSA,ÖZÇALIŞKAN ECZANESİ,32
2027-01-29,LEFKOSA,CEVHER ECZANESİ,32
2027-01-29,LEFKOSA,UMUT ÖKSÜZ ECZANESİ,32
2027-01-29,MAGUSA,UMUT ECZANESİ,32
2027-01-29,MAGUSA,SERHAT BAYBORA ECZANESİ,32
2027-01-29,GIRNE,DİLARA ÖZHAMİT ECZANESİ,32
2027-01-29,GIRNE,ÖMRÜM ECZANESİ,32
2027-01-29,GIRNE,SALİM KARABEKİR ECZANESİ,32
2027-01-29,GUZELYURT,AŞAR ECZANESİ,32
2027-01-29,LEFKE,ALTINCI ECZANESİ,32
2027-01-29,ISKELE,ÖZBİRTAN ECZANESİ,32
2027-01-29,KARPAZ_1,ERENKÖY ECZANESİ,87
2027-01-29,KARPAZ_2,FATMA KAHYAOĞLU ECZANESİ,87
2027-01-30,LEFKOSA,MİEL ECZANESİ,32
2027-01-30,LEFKOSA,DİLAY KILÇIK ECZANESİ,32
2027-01-30,LEFKOSA,ARZUM DAVULCU ECZANESİ,32
2027-01-30,MAGUSA,MELİKE BARBAROS ECZANESİ,32
2027-01-30,MAGUSA,PETEK ECZANESİ,32
2027-01-30,GIRNE,MELİS UZUN ECZANESİ,32
2027-01-30,GIRNE,AYLAND ECZANESİ,32
2027-01-30,GIRNE,ÖZENİR ECZANESİ,32
2027-01-30,GUZELYURT,AYCAN ECZANESİ,32
2027-01-30,LEFKE,ŞİFA BİLDİR ECZANESİ,32
2027-01-30,ISKELE,ERDEM SURURİ ECZANESİ,32
2027-01-30,UST_MESARYA,GÜLTEN VELİ ECZANESİ,78
2027-01-30,ALT_MESARYA,BUĞRA ECZANESİ,78
2027-01-30,KARPAZ_1,SAKINER ECZANESİ,87
2027-01-30,KARPAZ_2,MELEK İBRAHİM ECZANESİ,87
2027-01-31,LEFKOSA,ÇINARLI ECZANESİ,32
2027-01-31,LEFKOSA,CEMALİYE AĞAOĞLU ECZANESİ,32
2027-01-31,LEFKOSA,IŞIK KEREM ECZANESİ,32
2027-01-31,MAGUSA,NİLHAN SOYSAL ECZANESİ,32
2027-01-31,MAGUSA,GÖKÇEN İLKTAÇ ECZANESİ,32
2027-01-31,GIRNE,BUĞÇE ECZANESİ,32
2027-01-31,GIRNE,TÖRENSEL ECZANESİ,32
2027-01-31,GIRNE,ZEHRA KELEBEK ECZANESİ,32
2027-01-31,GUZELYURT,CAMCIOĞLU ECZANESİ,32
2027-01-31,LEFKE,ULUS ECZANESİ,32
2027-01-31,ISKELE,MEVLÜT KAÇMAZ ECZANESİ,32
2027-01-31,UST_MESARYA,MELİZ ECZANESİ,78
2027-01-31,ALT_MESARYA,DOĞUŞ ACARÖZ ECZANESİ,78
2027-01-31,KARPAZ_1,BESİM SEVİNDİK ECZANESİ,87
2027-01-31,KARPAZ_2,OLGUN KAHYAOĞLU ECZANESİ,87
2027-02-01,LEFKOSA,AKDENİZ ECZANESİ,33
2027-02-01,LEFKOSA,BAHİRE ÖZSU AKDOĞAN ECZANESİ,33
2027-02-01,LEFKOSA,BUSE KARŞILI ECZANESİ,33
2027-02-01,MAGUSA,ÇİSE SEZEREL ECZANESİ,33
2027-02-01,MAGUSA,İÇTEN ECZANESİ,33
2027-02-01,GIRNE,POSTACIOĞLU ECZANESİ,33
2027-02-01,GIRNE,İPEK YÖNEY ECZANESİ,33
2027-02-01,GIRNE,AYDINLİFE ALSANCAK ECZANESİ,33
2027-02-01,GUZELYURT,DOĞUŞ TÜRKBAYOĞLU ECZANESİ,33
2027-02-01,LEFKE,SIDIKA UMAR ECZANESİ,33
2027-02-01,ISKELE,AVİCENNA ECZANESİ,33
2027-02-01,KARPAZ_1,KARPAZIN ECZANESİ,88
2027-02-01,KARPAZ_2,FATMA KAHYAOĞLU ECZANESİ,88
2027-02-02,LEFKOSA,İSFENDİYAROĞLU ECZANESİ,33
2027-02-02,LEFKOSA,ÖZVOL ECZANESİ,33
2027-02-02,LEFKOSA,MOR SAFİR ECZANESİ,33
2027-02-02,MAGUSA,SEMAHAT ATAYOL ECZANESİ,33
2027-02-02,MAGUSA,GÜZER ECZANESİ,33
2027-02-02,GIRNE,ENVER POLİLİ ECZANESİ,33
2027-02-02,GIRNE,ALENBAY ECZANESİ,33
2027-02-02,GIRNE,AHMET ÇAĞER ECZANESİ,33
2027-02-02,GUZELYURT,EMİNE ŞENTÜRK ECZANESİ,33
2027-02-02,LEFKE,AYŞE ALTINTUĞ ECZANESİ,33
2027-02-02,ISKELE,PERTEV ZEKİ ECZANESİ,33
2027-02-02,KARPAZ_1,ERENKÖY ECZANESİ,88
2027-02-02,KARPAZ_2,MELEK İBRAHİM ECZANESİ,88
2027-02-03,LEFKOSA,SEZER ECZANESİ,33
2027-02-03,LEFKOSA,DİLEM UZCAN ECZANESİ,33
2027-02-03,LEFKOSA,GÜLİZAR ÖZTEKNİK ECZANESİ,33
2027-02-03,MAGUSA,HİÇKORKMAZ ECZANESİ,33
2027-02-03,MAGUSA,ERTUĞ EMİN ECZANESİ,33
2027-02-03,GIRNE,CENGİZ SOLMAZ ECZANESİ,33
2027-02-03,GIRNE,KÜÇÜK ECZANESİ,33
2027-02-03,GIRNE,ASRIN ÜMİT ECZANESİ,33
2027-02-03,GUZELYURT,ERİN ECZANESİ,33
2027-02-03,LEFKE,İLKSEN ECZANESİ,33
2027-02-03,ISKELE,SELİN ECZANESİ,33
2027-02-03,KARPAZ_1,SAKINER ECZANESİ,88
2027-02-03,KARPAZ_2,OLGUN KAHYAOĞLU ECZANESİ,88
2027-02-04,LEFKOSA,FERİN ECZANESİ,33
2027-02-04,LEFKOSA,EBRU BAŞAY ECZANESİ,33
2027-02-04,LEFKOSA,ŞİRİN BOLKAN ECZANESİ,33
2027-02-04,MAGUSA,ASYA TEKBIYIK ECZANESİ,33
2027-02-04,MAGUSA,ARAS ÖNCÜ ECZANESİ,33
2027-02-04,GIRNE,EDA ATAÇAĞ ECZANESİ,33
2027-02-04,GIRNE,GÜNDAL ECZANESİ,33
2027-02-04,GIRNE,NAZIM VARIŞ ECZANESİ,33
2027-02-04,GUZELYURT,GİLANLI ECZANESİ,33
2027-02-04,LEFKE,ALTINCI ECZANESİ,33
2027-02-04,ISKELE,SEVİLAY PIRLANTA ECZANESİ,33
2027-02-04,KARPAZ_1,BESİM SEVİNDİK ECZANESİ,88
2027-02-04,KARPAZ_2,FATMA KAHYAOĞLU ECZANESİ,88
2027-02-05,LEFKOSA,GÖNYELİ ECZANESİ,33
2027-02-05,LEFKOSA,İMGE ECZANESİ,33
2027-02-05,LEFKOSA,BUSE AVCI ECZANESİ,33
2027-02-05,MAGUSA,DEMET ECZANESİ,33
2027-02-05,MAGUSA,SÜMER ECZANESİ,33
2027-02-05,GIRNE,TÖREN ECZANESİ,33
2027-02-05,GIRNE,RIZKI 2 ECZANESİ,33
2027-02-05,GIRNE,AYŞEN ALTAN ECZANESİ,33
2027-02-05,GUZELYURT,İLKİN SADRAZAM ECZANESİ,33
2027-02-05,LEFKE,HATİCE SOYER ECZANESİ,33
2027-02-05,ISKELE,MEVLÜT KAÇMAZ ECZANESİ,33
2027-02-05,KARPAZ_1,KARPAZIN ECZANESİ,88
2027-02-05,KARPAZ_2,MELEK İBRAHİM ECZANESİ,88
2027-02-06,LEFKOSA,BALIN ECZANESİ,33
2027-02-06,LEFKOSA,YUSUF TANDOĞAN ECZANESİ,33
2027-02-06,LEFKOSA,SUDE UZUN ECZANESİ,33
2027-02-06,MAGUSA,HANDE BESMEL ECZANESİ,33
2027-02-06,MAGUSA,MEHMET ARTER ECZANESİ,33
2027-02-06,GIRNE,AŞAR KARAOĞLANOĞLU ECZANESİ,33
2027-02-06,GIRNE,NESRİN HATİPOĞLU ECZANESİ,33
2027-02-06,GIRNE,SOYERLER ECZANESİ,33
2027-02-06,GUZELYURT,İNCİ ECZANESİ,33
2027-02-06,LEFKE,DERVİŞ KUTRET ECZANESİ,33
2027-02-06,ISKELE,İSKELE ECZANESİ,33
2027-02-06,UST_MESARYA,SERDARLI ECZANESİ,78
2027-02-06,ALT_MESARYA,DÖRTYOL ECZANESİ,78
2027-02-06,KARPAZ_1,ERENKÖY ECZANESİ,88
2027-02-06,KARPAZ_2,OLGUN KAHYAOĞLU ECZANESİ,88
2027-02-07,LEFKOSA,MUSTAFA GÜRMAN ECZANESİ,33
2027-02-07,LEFKOSA,OBA 2 ECZANESİ,33
2027-02-07,LEFKOSA,LEFKOŞA ECZANESİ,33
2027-02-07,MAGUSA,SÜAY SEVİNÇ ECZANESİ,33
2027-02-07,MAGUSA,KUNTER GÜVEN ECZANESİ,33
2027-02-07,GIRNE,AŞAR ECZANESİ,33
2027-02-07,GIRNE,SHİMA ECZANESİ,33
2027-02-07,GIRNE,SALİM KARABEKİR ECZANESİ,33
2027-02-07,GUZELYURT,NİLGÜN ECZANESİ,33
2027-02-07,LEFKE,OSMAN ULUŞAN ECZANESİ,33
2027-02-07,ISKELE,SULTAN TOPEL ECZANESİ,33
2027-02-07,UST_MESARYA,YÜKSEL ECZANESİ,78
2027-02-07,ALT_MESARYA,GÜNER BİNBOĞA ECZANESİ,78
2027-02-07,KARPAZ_1,SAKINER ECZANESİ,88
2027-02-07,KARPAZ_2,FATMA KAHYAOĞLU ECZANESİ,88
2027-02-08,LEFKOSA,KAPTANCAN ECZANESİ,33
2027-02-08,LEFKOSA,ÇİSE YILDIRIM ECZANESİ,33
2027-02-08,LEFKOSA,İZEM ECZANESİ,33
2027-02-08,MAGUSA,LARNAKA YOLU ECZANESİ,33
2027-02-08,MAGUSA,HACER BALIKÇI ECZANESİ,33
2027-02-08,GIRNE,MELİS UZUN ECZANESİ,33
2027-02-08,GIRNE,ÖMRÜM ECZANESİ,33
2027-02-08,GIRNE,MARYAM ECZANESİ,33
2027-02-08,GUZELYURT,PEMBE SADIKOĞLU ECZANESİ,33
2027-02-08,LEFKE,ŞİFA BİLDİR ECZANESİ,33
2027-02-08,ISKELE,SÜNMEZ ECZANESİ,33
2027-02-08,KARPAZ_1,BESİM SEVİNDİK ECZANESİ,88
2027-02-08,KARPAZ_2,MELEK İBRAHİM ECZANESİ,88
2027-02-09,LEFKOSA,MERVE BİLLUR ECZANESİ,34
2027-02-09,LEFKOSA,DİLAY MENEKAY ECZANESİ,34
2027-02-09,LEFKOSA,SERPİN ONAY ECZANESİ,34
2027-02-09,MAGUSA,VELİ ATEŞ ECZANESİ,34
2027-02-09,MAGUSA,MEHMETALİ BEYAZ ECZANESİ,34
2027-02-09,GIRNE,TURGAY PARALI ECZANESİ,34
2027-02-09,GIRNE,KARAOĞLANOĞLU ECZANESİ,34
2027-02-09,GIRNE,BARIŞ ECZANESİ,34
2027-02-09,GUZELYURT,RESMİYE ESE ECZANESİ,34
2027-02-09,LEFKE,ULUS ECZANESİ,34
2027-02-09,ISKELE,BUSE ULUÇAY ECZANESİ,34
2027-02-09,KARPAZ_1,KARPAZIN ECZANESİ,88
2027-02-09,KARPAZ_2,OLGUN KAHYAOĞLU ECZANESİ,88
2027-02-10,LEFKOSA,ÇAĞANSOY ECZANESİ,34
2027-02-10,LEFKOSA,VAİZ ECZANESİ,34
2027-02-10,LEFKOSA,HÜSEYİN SAKALLI ECZANESİ,34
2027-02-10,MAGUSA,KAĞAN KANDEMİR ECZANESİ,34
2027-02-10,MAGUSA,TURGUT KORHAN ECZANESİ,34
2027-02-10,GIRNE,ILGEN ECZANESİ,34
2027-02-10,GIRNE,TÖRENSEL ECZANESİ,34
2027-02-10,GIRNE,AYDINLİFE ALSANCAK ECZANESİ,34
2027-02-10,GUZELYURT,SEDEF SONAT ECZANESİ,34
2027-02-10,LEFKE,DİLAN PUL ECZANESİ,34
2027-02-10,ISKELE,ERDEM SURURİ ECZANESİ,34
2027-02-10,KARPAZ_1,ERENKÖY ECZANESİ,88
2027-02-10,KARPAZ_2,FATMA KAHYAOĞLU ECZANESİ,88
2027-02-11,LEFKOSA,HALKSEVER ECZANESİ,34
2027-02-11,LEFKOSA,ÇAĞIN KORKMAZER ECZANESİ,34
2027-02-11,LEFKOSA,SÜHEYLA AŞAN ECZANESİ,34
2027-02-11,MAGUSA,MISRA ÖZBAY ECZANESİ,34
2027-02-11,MAGUSA,BARIŞER ECZANESİ,34
2027-02-11,GIRNE,KANDİL ECZANESİ,34
2027-02-11,GIRNE,DÜNYA ECZANESİ,34
2027-02-11,GIRNE,ZEHRA KELEBEK ECZANESİ,34
2027-02-11,GUZELYURT,SERCAN AVCI ECZANESİ,34
2027-02-11,LEFKE,OSMAN ULUŞAN ECZANESİ,34
2027-02-11,ISKELE,SELİN ECZANESİ,34
2027-02-11,KARPAZ_1,SAKINER ECZANESİ,88
2027-02-11,KARPAZ_2,MELEK İBRAHİM ECZANESİ,88
2027-02-12,LEFKOSA,SERNA ECZANESİ,34
2027-02-12,LEFKOSA,GÜLİSTAN ARICI ECZANESİ,34
2027-02-12,LEFKOSA,SERKAN KERVAN ECZANESİ,34
2027-02-12,MAGUSA,ADA ECZANESİ,34
2027-02-12,MAGUSA,TANYA SALİMER ECZANESİ,34
2027-02-12,GIRNE,GİRNE ECZANESİ,34
2027-02-12,GIRNE,SELİN ESER ECZANESİ,34
2027-02-12,GIRNE,ÖZENİR ECZANESİ,34
2027-02-12,GUZELYURT,SEVİL ECZANESİ,34
2027-02-12,LEFKE,SIDIKA UMAR ECZANESİ,34
2027-02-12,ISKELE,SULTAN TOPEL ECZANESİ,34
2027-02-12,KARPAZ_1,BESİM SEVİNDİK ECZANESİ,88
2027-02-12,KARPAZ_2,OLGUN KAHYAOĞLU ECZANESİ,88
2027-02-13,LEFKOSA,SEV ECZANESİ,34
2027-02-13,LEFKOSA,GÜNEY ENGİNOL ECZANESİ,34
2027-02-13,LEFKOSA,DEREBOYU ECZANESİ,34
2027-02-13,MAGUSA,ÇİSEM ECZANESİ,34
2027-02-13,MAGUSA,ZEYNEP ECZANESİ,34
2027-02-13,GIRNE,ADAŞEHİR ECZANESİ,34
2027-02-13,GIRNE,ERDOĞAN ÖZİKİZ ECZANESİ,34
2027-02-13,GIRNE,NAZIM VARIŞ ECZANESİ,34
2027-02-13,GUZELYURT,ŞİFA SİPERCİ ECZANESİ,34
2027-02-13,LEFKE,ALTINCI ECZANESİ,34
2027-02-13,ISKELE,GÖKBERK ALP YAKAR ECZANESİ,34
2027-02-13,UST_MESARYA,ESER AVCI ECZANESİ,79
2027-02-13,ALT_MESARYA,GÜRSOY ECZANESİ,79
2027-02-13,KARPAZ_1,KARPAZIN ECZANESİ,88
2027-02-13,KARPAZ_2,FATMA KAHYAOĞLU ECZANESİ,88
2027-02-14,LEFKOSA,TÜRKAN ŞENTİP ECZANESİ,34
2027-02-14,LEFKOSA,SEVGİ KIRBOĞA ECZANESİ,34
2027-02-14,LEFKOSA,YEŞİM ECZANESİ,34
2027-02-14,MAGUSA,HALKIN ECZANESİ,34
2027-02-14,MAGUSA,ÖZGE KALE ECZANESİ,34
2027-02-14,GIRNE,MELİZ 2 ECZANESİ,34
2027-02-14,GIRNE,RIZKI 2 ECZANESİ,34
2027-02-14,GIRNE,ŞİFALI ECZANESİ,34
2027-02-14,GUZELYURT,SÜREYYA ÖZCOŞKUN ECZANESİ,34
2027-02-14,LEFKE,HATİCE SOYER ECZANESİ,34
2027-02-14,ISKELE,ÖZBİRTAN ECZANESİ,34
2027-02-14,UST_MESARYA,GÖNÜL GÜRDAĞ ECZANESİ,79
2027-02-14,ALT_MESARYA,HOCANIN ECZANESİ,79
2027-02-14,KARPAZ_1,ERENKÖY ECZANESİ,88
2027-02-14,KARPAZ_2,MELEK İBRAHİM ECZANESİ,88
2027-02-15,LEFKOSA,ALPDOĞAN ECZANESİ,34
2027-02-15,LEFKOSA,ŞERİFE ADEMOĞULLARI ECZANESİ,34
2027-02-15,LEFKOSA,EREN ECZANESİ,34
2027-02-15,MAGUSA,UZAY ECZANESİ,34
2027-02-15,MAGUSA,NASİM ECZANESİ,34
2027-02-15,GIRNE,EMİNAĞA ECZANESİ,34
2027-02-15,GIRNE,SOYERLER 1 ECZANESİ,34
2027-02-15,GIRNE,ASRIN ÜMİT ECZANESİ,34
2027-02-15,GUZELYURT,UYUMSAL ECZANESİ,34
2027-02-15,LEFKE,İLKSEN ECZANESİ,34
2027-02-15,ISKELE,BUSE ULUÇAY ECZANESİ,34
2027-02-15,KARPAZ_1,SAKINER ECZANESİ,88
2027-02-15,KARPAZ_2,OLGUN KAHYAOĞLU ECZANESİ,88
2027-02-16,LEFKOSA,AZİZ GÜZELER ECZANESİ,34
2027-02-16,LEFKOSA,ARASTA ECZANESİ,34
2027-02-16,LEFKOSA,İSMET ECZANESİ,34
2027-02-16,MAGUSA,ULUÇAY ECZANESİ,34
2027-02-16,MAGUSA,REZAN ECZANESİ,34
2027-02-16,GIRNE,ÖZGE ÖZÇINAR ECZANESİ,34
2027-02-16,GIRNE,GÜNAY VARIŞ ECZANESİ,34
2027-02-16,GIRNE,SOYERLER ECZANESİ,34
2027-02-16,GUZELYURT,AŞAR ECZANESİ,34
2027-02-16,LEFKE,DERVİŞ KUTRET ECZANESİ,34
2027-02-16,ISKELE,İSKELE ECZANESİ,34
2027-02-16,KARPAZ_1,BESİM SEVİNDİK ECZANESİ,88
2027-02-16,KARPAZ_2,FATMA KAHYAOĞLU ECZANESİ,88
2027-02-17,LEFKOSA,SEVCAN ECZANESİ,34
2027-02-17,LEFKOSA,DAMLA KARDÜZ ECZANESİ,34
2027-02-17,LEFKOSA,HAZAL REİS ECZANESİ,34
2027-02-17,MAGUSA,RANA YONTAR ECZANESİ,34
2027-02-17,MAGUSA,NADİRE GÖKALP ECZANESİ,34
2027-02-17,GIRNE,BUĞÇE ECZANESİ,34
2027-02-17,GIRNE,MELİSA İŞİMTEKİN ECZANESİ,34
2027-02-17,GIRNE,PINAR KEKLİK ECZANESİ,34
2027-02-17,GUZELYURT,AYCAN ECZANESİ,34
2027-02-17,LEFKE,ALTINCI ECZANESİ,34
2027-02-17,ISKELE,MEVLÜT KAÇMAZ ECZANESİ,34
2027-02-17,KARPAZ_1,KARPAZIN ECZANESİ,88
2027-02-17,KARPAZ_2,MELEK İBRAHİM ECZANESİ,88
2027-02-18,LEFKOSA,EMEL ATAÇAĞ ECZANESİ,35
2027-02-18,LEFKOSA,SONUÇ ECZANESİ,35
2027-02-18,LEFKOSA,ÇELER ECZANESİ,35
2027-02-18,MAGUSA,ÖZNERGİS ECZANESİ,35
2027-02-18,MAGUSA,HALİL HAMZALAR ECZANESİ,35
2027-02-18,GIRNE,ŞULE YILDIZDOĞAN ECZANESİ,35
2027-02-18,GIRNE,AYLAND ECZANESİ,35
2027-02-18,GIRNE,AYŞEN ALTAN ECZANESİ,35
2027-02-18,GUZELYURT,CAMCIOĞLU ECZANESİ,35
2027-02-18,LEFKE,ULUS ECZANESİ,35
2027-02-18,ISKELE,NALAN ECZANESİ,35
2027-02-18,KARPAZ_1,ERENKÖY ECZANESİ,88
2027-02-18,KARPAZ_2,OLGUN KAHYAOĞLU ECZANESİ,88
2027-02-19,LEFKOSA,FATMA YÜRÜN ECZANESİ,35
2027-02-19,LEFKOSA,FATMA AŞİNA ECZANESİ,35
2027-02-19,LEFKOSA,KEZİBAN TİLKİ ECZANESİ,35
2027-02-19,MAGUSA,OSMANKAN ECZANESİ,35
2027-02-19,MAGUSA,VEZİROĞLU ECZANESİ,35
2027-02-19,GIRNE,SEVİN ÇAĞAY ECZANESİ,35
2027-02-19,GIRNE,NEJLA ERÇAL ECZANESİ,35
2027-02-19,GIRNE,MARYAM ECZANESİ,35
2027-02-19,GUZELYURT,DOĞUŞ TÜRKBAYOĞLU ECZANESİ,35
2027-02-19,LEFKE,ŞİFA BİLDİR ECZANESİ,35
2027-02-19,ISKELE,ÖZBİRTAN ECZANESİ,35
2027-02-19,KARPAZ_1,SAKINER ECZANESİ,88
2027-02-19,KARPAZ_2,FATMA KAHYAOĞLU ECZANESİ,88
2027-02-20,LEFKOSA,DİMAY KAĞCAN ECZANESİ,35
2027-02-20,LEFKOSA,SÖZÜÖZ ECZANESİ,35
2027-02-20,LEFKOSA,ZEHRA ECZANESİ,35
2027-02-20,MAGUSA,FUNDA ERSÖZLÜ ECZANESİ,35
2027-02-20,MAGUSA,İNEM MİMAR ECZANESİ,35
2027-02-20,GIRNE,NURÇAĞ ECZANESİ,35
2027-02-20,GIRNE,MUCİZEM ECZANESİ,35
2027-02-20,GIRNE,AHMET ÇAĞER ECZANESİ,35
2027-02-20,GUZELYURT,EMİNE ŞENTÜRK ECZANESİ,35
2027-02-20,LEFKE,AYŞE ALTINTUĞ ECZANESİ,35
2027-02-20,ISKELE,SEVİLAY PIRLANTA ECZANESİ,35
2027-02-20,UST_MESARYA,GÜLTEN VELİ ECZANESİ,79
2027-02-20,ALT_MESARYA,KINAY ECZANESİ,79
2027-02-20,KARPAZ_1,BESİM SEVİNDİK ECZANESİ,88
2027-02-20,KARPAZ_2,MELEK İBRAHİM ECZANESİ,88
2027-02-21,LEFKOSA,ORTAKÖY ECZANESİ,35
2027-02-21,LEFKOSA,EMİNE KESKİN ECZANESİ,35
2027-02-21,LEFKOSA,AKDORA ECZANESİ,35
2027-02-21,MAGUSA,SAKARYA ECZANESİ,35
2027-02-21,MAGUSA,ODUNCUOĞLU ECZANESİ,35
2027-02-21,GIRNE,MEHMET GAZİ KÖYLÜ ECZANESİ,35
2027-02-21,GIRNE,DİLARA ÖZHAMİT ECZANESİ,35
2027-02-21,GIRNE,BARIŞ ECZANESİ,35
2027-02-21,GUZELYURT,ERİN ECZANESİ,35
2027-02-21,LEFKE,DİLAN PUL ECZANESİ,35
2027-02-21,ISKELE,PERTEV ZEKİ ECZANESİ,35
2027-02-21,UST_MESARYA,MELİZ ECZANESİ,79
2027-02-21,ALT_MESARYA,KUDRET ECZANESİ,79
2027-02-21,KARPAZ_1,KARPAZIN ECZANESİ,88
2027-02-21,KARPAZ_2,OLGUN KAHYAOĞLU ECZANESİ,88
2027-02-22,LEFKOSA,AHMET MISIRLI ECZANESİ,35
2027-02-22,LEFKOSA,YENİŞEHİR ECZANESİ,35
2027-02-22,LEFKOSA,ERSAĞ ECZANESİ,35
2027-02-22,MAGUSA,ECE ECZANESİ,35
2027-02-22,MAGUSA,VELİ NURLUÖZ ECZANESİ,35
2027-02-22,GIRNE,İBRAHİM BARDAK ECZANESİ,35
2027-02-22,GIRNE,ARDA ÇELİK ECZANESİ,35
2027-02-22,GIRNE,ŞİFALI ECZANESİ,35
2027-02-22,GUZELYURT,GİLANLI ECZANESİ,35
2027-02-22,LEFKE,ULUS ECZANESİ,35
2027-02-22,ISKELE,ERDEM SURURİ ECZANESİ,35
2027-02-22,KARPAZ_1,ERENKÖY ECZANESİ,89
2027-02-22,KARPAZ_2,FATMA KAHYAOĞLU ECZANESİ,89
2027-02-23,LEFKOSA,HARİKA OTAĞ ECZANESİ,35
2027-02-23,LEFKOSA,ERTUNGA ECZANESİ,35
2027-02-23,LEFKOSA,BEHAYİ YILMABAŞAR ECZANESİ,35
2027-02-23,MAGUSA,GİZEM KARAHASAN ECZANESİ,35
2027-02-23,MAGUSA,NİLHAN SOYSAL ECZANESİ,35
2027-02-23,GIRNE,SETENAY BENGİSU ECZANESİ,35
2027-02-23,GIRNE,ORÇUN ÖZKASAP ECZANESİ,35
2027-02-23,GIRNE,SALİM KARABEKİR ECZANESİ,35
2027-02-23,GUZELYURT,İLKİN SADRAZAM ECZANESİ,35
2027-02-23,LEFKE,HATİCE SOYER ECZANESİ,35
2027-02-23,ISKELE,İSKELE ECZANESİ,35
2027-02-23,KARPAZ_1,SAKINER ECZANESİ,89
2027-02-23,KARPAZ_2,MELEK İBRAHİM ECZANESİ,89
2027-02-24,LEFKOSA,DAĞMAN ECZANESİ,35
2027-02-24,LEFKOSA,NECATİBEY ECZANESİ,35
2027-02-24,LEFKOSA,PERVİN ECZANESİ,35
2027-02-24,MAGUSA,EMİR ECZANESİ,35
2027-02-24,MAGUSA,EYLÜL DALKILINÇ ECZANESİ,35
2027-02-24,GIRNE,DOĞAN BAŞAK ECZANESİ,35
2027-02-24,GIRNE,AYDIN LİFE ECZANESİ,35
2027-02-24,GIRNE,PINAR KEKLİK ECZANESİ,35
2027-02-24,GUZELYURT,İNCİ ECZANESİ,35
2027-02-24,LEFKE,ŞİFA BİLDİR ECZANESİ,35
2027-02-24,ISKELE,SÜNMEZ ECZANESİ,35
2027-02-24,KARPAZ_1,BESİM SEVİNDİK ECZANESİ,89
2027-02-24,KARPAZ_2,OLGUN KAHYAOĞLU ECZANESİ,89
2027-02-25,LEFKOSA,SEVGİ KARABEKİR ECZANESİ,35
2027-02-25,LEFKOSA,ARDA ULUPINAR ECZANESİ,35
2027-02-25,LEFKOSA,NERİMAN KARATAÇ ECZANESİ,35
2027-02-25,MAGUSA,ZERİN VOLKAN ECZANESİ,35
2027-02-25,MAGUSA,KARAKOL ECZANESİ,35
2027-02-25,GIRNE,MEHMET KAMİLOĞLU ECZANESİ,35
2027-02-25,GIRNE,RIZKI ECZANESİ,35
2027-02-25,GIRNE,ASRIN ÜMİT ECZANESİ,35
2027-02-25,GUZELYURT,NİLGÜN ECZANESİ,35
2027-02-25,LEFKE,AYŞE ALTINTUĞ ECZANESİ,35
2027-02-25,ISKELE,AVİCENNA ECZANESİ,35
2027-02-25,KARPAZ_1,KARPAZIN ECZANESİ,89
2027-02-25,KARPAZ_2,FATMA KAHYAOĞLU ECZANESİ,89
2027-02-26,LEFKOSA,LAİKA GÖKÇEKUŞ ECZANESİ,36
2027-02-26,LEFKOSA,SAFİYE ÇAĞANSEL ECZANESİ,36
2027-02-26,LEFKOSA,NECLA EMİN ECZANESİ,36
2027-02-26,MAGUSA,AYŞEM ÇİL ECZANESİ,36
2027-02-26,MAGUSA,AYŞE ÖZBEYCAN ECZANESİ,36
2027-02-26,GIRNE,KÜÇÜK ECZANESİ,36
2027-02-26,GIRNE,ERDOĞAN ÖZİKİZ ECZANESİ,36
2027-02-26,GIRNE,ÖZENİR ECZANESİ,36
2027-02-26,GUZELYURT,PEMBE SADIKOĞLU ECZANESİ,36
2027-02-26,LEFKE,DİLAN PUL ECZANESİ,36
2027-02-26,ISKELE,MEVLÜT KAÇMAZ ECZANESİ,36
2027-02-26,KARPAZ_1,ERENKÖY ECZANESİ,89
2027-02-26,KARPAZ_2,MELEK İBRAHİM ECZANESİ,89
2027-02-27,LEFKOSA,YENİKENT ECZANESİ,36
2027-02-27,LEFKOSA,CANEŞ ECZANESİ,36
2027-02-27,LEFKOSA,GALEN ECZANESİ,36
2027-02-27,MAGUSA,ÇAĞKAN AKSOY ECZANESİ,36
2027-02-27,MAGUSA,AYBENK ECZANESİ,36
2027-02-27,GIRNE,ZİYA SENCER ECZANESİ,36
2027-02-27,GIRNE,SELİN ESER ECZANESİ,36
2027-02-27,GIRNE,ZEHRA KELEBEK ECZANESİ,36
2027-02-27,GUZELYURT,RESMİYE ESE ECZANESİ,36
2027-02-27,LEFKE,İLKSEN ECZANESİ,36
2027-02-27,ISKELE,SEVİLAY PIRLANTA ECZANESİ,36
2027-02-27,UST_MESARYA,SERDARLI ECZANESİ,79
2027-02-27,ALT_MESARYA,MEHMET HOCA ECZANESİ,79
2027-02-27,KARPAZ_1,SAKINER ECZANESİ,89
2027-02-27,KARPAZ_2,OLGUN KAHYAOĞLU ECZANESİ,89
2027-02-28,LEFKOSA,ÇAĞRI CANDANAL ECZANESİ,36
2027-02-28,LEFKOSA,NERGİS ECZANESİ,36
2027-02-28,LEFKOSA,ADAHAN ECZANESİ,36
2027-02-28,MAGUSA,ASLI EREN ECZANESİ,36
2027-02-28,MAGUSA,BURCU GÖKALP ECZANESİ,36
2027-02-28,GIRNE,TÖREN 2 ECZANESİ,36
2027-02-28,GIRNE,AYHAN ACARKAN ECZANESİ,36
2027-02-28,GIRNE,SOYERLER ECZANESİ,36
2027-02-28,GUZELYURT,SEDEF SONAT ECZANESİ,36
2027-02-28,LEFKE,SIDIKA UMAR ECZANESİ,36
2027-02-28,ISKELE,SELİN ECZANESİ,36
2027-02-28,UST_MESARYA,YÜKSEL ECZANESİ,79
2027-02-28,ALT_MESARYA,MEHMET TUT ECZANESİ,79
2027-02-28,KARPAZ_1,BESİM SEVİNDİK ECZANESİ,89
2027-02-28,KARPAZ_2,FATMA KAHYAOĞLU ECZANESİ,89
2027-03-01,LEFKOSA,DENİZ ÇORBA ECZANESİ,36
2027-03-01,LEFKOSA,BİLGE TÜRKSEVEN ECZANESİ,36
2027-03-01,LEFKOSA,BERKE SEMERCİ ECZANESİ,36
2027-03-01,MAGUSA,ERGİN ECZANESİ,36
2027-03-01,MAGUSA,MELİKE BARBAROS ECZANESİ,36
2027-03-01,GIRNE,AŞAR ECZANESİ,36
2027-03-01,GIRNE,ENVER POLİLİ ECZANESİ,36
2027-03-01,GIRNE,NAZIM VARIŞ ECZANESİ,36
2027-03-01,GUZELYURT,SERCAN AVCI ECZANESİ,36
2027-03-01,LEFKE,HATİCE SOYER ECZANESİ,36
2027-03-01,ISKELE,BUSE ULUÇAY ECZANESİ,36
2027-03-01,KARPAZ_1,KARPAZIN ECZANESİ,89
2027-03-01,KARPAZ_2,MELEK İBRAHİM ECZANESİ,89
2027-03-02,LEFKOSA,KERMİYA ECZANESİ,36
2027-03-02,LEFKOSA,PAPATYAM ECZANESİ,36
2027-03-02,LEFKOSA,RANYA ECZANESİ,36
2027-03-02,MAGUSA,HANDE BESMEL ECZANESİ,36
2027-03-02,MAGUSA,MELİKE DEMİRSÖZ ECZANESİ,36
2027-03-02,GIRNE,SHİMA ECZANESİ,36
2027-03-02,GIRNE,TÖREN 2 ECZANESİ,36
2027-03-02,GIRNE,ŞİFALI ECZANESİ,36
2027-03-02,GUZELYURT,SEVİL ECZANESİ,36
2027-03-02,LEFKE,DERVİŞ KUTRET ECZANESİ,36
2027-03-02,ISKELE,ERDEM SURURİ ECZANESİ,36
2027-03-02,KARPAZ_1,ERENKÖY ECZANESİ,89
2027-03-02,KARPAZ_2,OLGUN KAHYAOĞLU ECZANESİ,89
2027-03-03,LEFKOSA,CEMİLE FIRINCIOĞLULARI ECZANESİ,36
2027-03-03,LEFKOSA,ABBASOĞLU ECZANESİ,36
2027-03-03,LEFKOSA,APAYDIN ECZANESİ,36
2027-03-03,MAGUSA,PETEK ECZANESİ,36
2027-03-03,MAGUSA,GÖKÇEN İLKTAÇ ECZANESİ,36
2027-03-03,GIRNE,DİLARA ÖZHAMİT ECZANESİ,36
2027-03-03,GIRNE,GÜNAY VARIŞ ECZANESİ,36
2027-03-03,GIRNE,AYŞEN ALTAN ECZANESİ,36
2027-03-03,GUZELYURT,ŞİFA SİPERCİ ECZANESİ,36
2027-03-03,LEFKE,OSMAN ULUŞAN ECZANESİ,36
2027-03-03,ISKELE,NALAN ECZANESİ,36
2027-03-03,KARPAZ_1,SAKINER ECZANESİ,89
2027-03-03,KARPAZ_2,FATMA KAHYAOĞLU ECZANESİ,89
2027-03-04,LEFKOSA,ALİ ERSOY ECZANESİ,36
2027-03-04,LEFKOSA,ÇAĞLAYAN ECZANESİ,36
2027-03-04,LEFKOSA,YONCA HATİPOĞLU ECZANESİ,36
2027-03-04,MAGUSA,ÇİSE SEZEREL ECZANESİ,36
2027-03-04,MAGUSA,ASYA TEKBIYIK ECZANESİ,36
2027-03-04,GIRNE,DOĞAN BAŞAK ECZANESİ,36
2027-03-04,GIRNE,AŞAR KARAOĞLANOĞLU ECZANESİ,36
2027-03-04,GIRNE,ÖZENİR ECZANESİ,36
2027-03-04,GUZELYURT,SÜREYYA ÖZCOŞKUN ECZANESİ,36
2027-03-04,LEFKE,AYŞE ALTINTUĞ ECZANESİ,36
2027-03-04,ISKELE,GÖKBERK ALP YAKAR ECZANESİ,36
2027-03-04,KARPAZ_1,BESİM SEVİNDİK ECZANESİ,89
2027-03-04,KARPAZ_2,MELEK İBRAHİM ECZANESİ,89
2027-03-05,LEFKOSA,SEVAL KAYMAK ECZANESİ,36
2027-03-05,LEFKOSA,ORHAN BERKE ECZANESİ,36
2027-03-05,LEFKOSA,ÖZNEM KILINÇKINI ECZANESİ,36
2027-03-05,MAGUSA,BAHAR ECZANESİ,36
2027-03-05,MAGUSA,SEMAHAT ATAYOL ECZANESİ,36
2027-03-05,GIRNE,MELİZ 2 ECZANESİ,36
2027-03-05,GIRNE,AYLAND ECZANESİ,36
2027-03-05,GIRNE,ZEHRA KELEBEK ECZANESİ,36
2027-03-05,GUZELYURT,UYUMSAL ECZANESİ,36
2027-03-05,LEFKE,ALTINCI ECZANESİ,36
2027-03-05,ISKELE,İSKELE ECZANESİ,36
2027-03-05,KARPAZ_1,KARPAZIN ECZANESİ,89
2027-03-05,KARPAZ_2,OLGUN KAHYAOĞLU ECZANESİ,89
2027-03-06,LEFKOSA,ÜLKER POZAN ECZANESİ,37
2027-03-06,LEFKOSA,BAHAR NURLUÖZ ECZANESİ,37
2027-03-06,LEFKOSA,CEVHER ECZANESİ,37
2027-03-06,MAGUSA,BUĞÇE BAYRAM ECZANESİ,37
2027-03-06,MAGUSA,UMUT ECZANESİ,37
2027-03-06,GIRNE,ALENBAY ECZANESİ,37
2027-03-06,GIRNE,ÖZGE ÖZÇINAR ECZANESİ,37
2027-03-06,GIRNE,MARYAM ECZANESİ,37
2027-03-06,GUZELYURT,ERİN ECZANESİ,37
2027-03-06,LEFKE,ULUS ECZANESİ,37
2027-03-06,ISKELE,MEVLÜT KAÇMAZ ECZANESİ,37
2027-03-06,UST_MESARYA,ESER AVCI ECZANESİ,79
2027-03-06,ALT_MESARYA,PHARGAMOS ECZANESİ,79
2027-03-06,KARPAZ_1,ERENKÖY ECZANESİ,89
2027-03-06,KARPAZ_2,FATMA KAHYAOĞLU ECZANESİ,89
2027-03-07,LEFKOSA,UMUT ÖKSÜZ ECZANESİ,37
2027-03-07,LEFKOSA,LA PHARMA ECZANESİ,37
2027-03-07,LEFKOSA,ATAER ECZANESİ,37
2027-03-07,MAGUSA,MEHMETALİ BEYAZ ECZANESİ,37
2027-03-07,MAGUSA,MISRA ÖZBAY ECZANESİ,37
2027-03-07,GIRNE,SETENAY BENGİSU ECZANESİ,37
2027-03-07,GIRNE,SOYERLER 1 ECZANESİ,37
2027-03-07,GIRNE,PINAR KEKLİK ECZANESİ,37
2027-03-07,GUZELYURT,AYCAN ECZANESİ,37
2027-03-07,LEFKE,ŞİFA BİLDİR ECZANESİ,37
2027-03-07,ISKELE,SEVİLAY PIRLANTA ECZANESİ,37
2027-03-07,UST_MESARYA,GÖNÜL GÜRDAĞ ECZANESİ,79
2027-03-07,ALT_MESARYA,SERVET GÖKŞİN ECZANESİ,79
2027-03-07,KARPAZ_1,SAKINER ECZANESİ,89
2027-03-07,KARPAZ_2,MELEK İBRAHİM ECZANESİ,89
2027-03-08,LEFKOSA,İNCİRLİ ECZANESİ,37
2027-03-08,LEFKOSA,HAMİTKÖY ECZANESİ,37
2027-03-08,LEFKOSA,DİLEK ECZANESİ,37
2027-03-08,MAGUSA,MEHMET ARTER ECZANESİ,37
2027-03-08,MAGUSA,HALKIN ECZANESİ,37
2027-03-08,GIRNE,ZİYA SENCER ECZANESİ,37
2027-03-08,GIRNE,İPEK YÖNEY ECZANESİ,37
2027-03-08,GIRNE,AYDINLİFE ALSANCAK ECZANESİ,37
2027-03-08,GUZELYURT,AŞAR ECZANESİ,37
2027-03-08,LEFKE,DİLAN PUL ECZANESİ,37
2027-03-08,ISKELE,PERTEV ZEKİ ECZANESİ,37
2027-03-08,KARPAZ_1,BESİM SEVİNDİK ECZANESİ,89
2027-03-08,KARPAZ_2,OLGUN KAHYAOĞLU ECZANESİ,89
2027-03-09,LEFKOSA,OBA ECZANESİ,37
2027-03-09,LEFKOSA,DİDEM ÖZKAYALI ECZANESİ,37
2027-03-09,LEFKOSA,MOR SAFİR ECZANESİ,37
2027-03-09,MAGUSA,ÖREN ECZANESİ,37
2027-03-09,MAGUSA,ERTUĞ EMİN ECZANESİ,37
2027-03-09,GIRNE,DÜNYA ECZANESİ,37
2027-03-09,GIRNE,RIZKI ECZANESİ,37
2027-03-09,GIRNE,BARIŞ ECZANESİ,37
2027-03-09,GUZELYURT,SEDEF SONAT ECZANESİ,37
2027-03-09,LEFKE,İLKSEN ECZANESİ,37
2027-03-09,ISKELE,ÖZBİRTAN ECZANESİ,37
2027-03-09,UST_MESARYA,GÜLTEN VELİ ECZANESİ,79
2027-03-09,ALT_MESARYA,VADİLİ ECZANESİ,79
2027-03-09,KARPAZ_1,KARPAZIN ECZANESİ,89
2027-03-09,KARPAZ_2,FATMA KAHYAOĞLU ECZANESİ,89
2027-03-10,LEFKOSA,NİLCAN YAVUZCAN ECZANESİ,37
2027-03-10,LEFKOSA,NELİN ECZANESİ,37
2027-03-10,LEFKOSA,LADEN AKBATUR ECZANESİ,37
2027-03-10,MAGUSA,KAĞAN KANDEMİR ECZANESİ,37
2027-03-10,MAGUSA,İÇTEN ECZANESİ,37
2027-03-10,GIRNE,EMİNAĞA ECZANESİ,37
2027-03-10,GIRNE,KARAOĞLANOĞLU ECZANESİ,37
2027-03-10,GIRNE,AHMET ÇAĞER ECZANESİ,37
2027-03-10,GUZELYURT,CAMCIOĞLU ECZANESİ,37
2027-03-10,LEFKE,HATİCE SOYER ECZANESİ,37
2027-03-10,ISKELE,İSKELE ECZANESİ,37
2027-03-10,UST_MESARYA,MELİZ ECZANESİ,79
2027-03-10,ALT_MESARYA,KINAY ECZANESİ,79
2027-03-10,KARPAZ_1,ERENKÖY ECZANESİ,89
2027-03-10,KARPAZ_2,MELEK İBRAHİM ECZANESİ,89
2027-03-11,LEFKOSA,DİLEM UZCAN ECZANESİ,37
2027-03-11,LEFKOSA,ÖZVOL ECZANESİ,37
2027-03-11,LEFKOSA,KIZILBAŞ ECZANESİ,37
2027-03-11,MAGUSA,HİÇKORKMAZ ECZANESİ,37
2027-03-11,MAGUSA,DEMET ECZANESİ,37
2027-03-11,GIRNE,MEHMET KAMİLOĞLU ECZANESİ,37
2027-03-11,GIRNE,ORÇUN ÖZKASAP ECZANESİ,37
2027-03-11,GIRNE,ZEHRA KELEBEK ECZANESİ,37
2027-03-11,GUZELYURT,SÜREYYA ÖZCOŞKUN ECZANESİ,37
2027-03-11,LEFKE,DERVİŞ KUTRET ECZANESİ,37
2027-03-11,ISKELE,BUSE ULUÇAY ECZANESİ,37
2027-03-11,UST_MESARYA,SERDARLI ECZANESİ,79
2027-03-11,ALT_MESARYA,KUDRET ECZANESİ,79
2027-03-11,KARPAZ_1,SAKINER ECZANESİ,89
2027-03-11,KARPAZ_2,OLGUN KAHYAOĞLU ECZANESİ,89
2027-03-12,LEFKOSA,GÜLNUR ECZANESİ,37
2027-03-12,LEFKOSA,CEMRE ECZANESİ,37
2027-03-12,LEFKOSA,TULİS ECZANESİ,37
2027-03-12,MAGUSA,SERHAT BAYBORA ECZANESİ,37
2027-03-12,MAGUSA,MEVA ECZANESİ,37
2027-03-12,GIRNE,NURÇAĞ ECZANESİ,37
2027-03-12,GIRNE,CENGİZ SOLMAZ ECZANESİ,37
2027-03-12,GIRNE,SOYERLER ECZANESİ,37
2027-03-12,GUZELYURT,RESMİYE ESE ECZANESİ,37
2027-03-12,LEFKE,OSMAN ULUŞAN ECZANESİ,37
2027-03-12,ISKELE,SÜNMEZ ECZANESİ,37
2027-03-12,KARPAZ_1,BESİM SEVİNDİK ECZANESİ,89
2027-03-12,KARPAZ_2,FATMA KAHYAOĞLU ECZANESİ,89
2027-03-13,LEFKOSA,İSFENDİYAROĞLU ECZANESİ,37
2027-03-13,LEFKOSA,AKDENİZ ECZANESİ,37
2027-03-13,LEFKOSA,GÖNÜL ECZANESİ,37
2027-03-13,MAGUSA,LARNAKA YOLU ECZANESİ,37
2027-03-13,MAGUSA,VELİ ATEŞ ECZANESİ,37
2027-03-13,GIRNE,ŞULE YILDIZDOĞAN ECZANESİ,37
2027-03-13,GIRNE,MELİSA İŞİMTEKİN ECZANESİ,37
2027-03-13,GIRNE,SALİM KARABEKİR ECZANESİ,37
2027-03-13,GUZELYURT,DOĞUŞ TÜRKBAYOĞLU ECZANESİ,37
2027-03-13,LEFKE,SIDIKA UMAR ECZANESİ,37
2027-03-13,ISKELE,NALAN ECZANESİ,37
2027-03-13,UST_MESARYA,YÜKSEL ECZANESİ,79
2027-03-13,ALT_MESARYA,DÖRTYOL ECZANESİ,79
2027-03-13,KARPAZ_1,KARPAZIN ECZANESİ,89
2027-03-13,KARPAZ_2,MELEK İBRAHİM ECZANESİ,89
2027-03-14,LEFKOSA,ÖZÇALIŞKAN ECZANESİ,37
2027-03-14,LEFKOSA,YELİM ECZANESİ,37
2027-03-14,LEFKOSA,SEYRANTEPE ECZANESİ,37
2027-03-14,MAGUSA,ARAS ÖNCÜ ECZANESİ,37
2027-03-14,MAGUSA,FAYDALI ECZANESİ,37
2027-03-14,GIRNE,ENVER POLİLİ ECZANESİ,37
2027-03-14,GIRNE,ARDA ÇELİK ECZANESİ,37
2027-03-14,GIRNE,ASRIN ÜMİT ECZANESİ,37
2027-03-14,GUZELYURT,EMİNE ŞENTÜRK ECZANESİ,37
2027-03-14,LEFKE,ALTINCI ECZANESİ,37
2027-03-14,ISKELE,SULTAN TOPEL ECZANESİ,37
2027-03-14,UST_MESARYA,ESER AVCI ECZANESİ,79
2027-03-14,ALT_MESARYA,GÜNER BİNBOĞA ECZANESİ,79
2027-03-14,KARPAZ_1,ERENKÖY ECZANESİ,90
2027-03-14,KARPAZ_2,OLGUN KAHYAOĞLU ECZANESİ,90
2027-03-15,LEFKOSA,AYŞE BIYIKOĞLU ECZANESİ,38
2027-03-15,LEFKOSA,ÇINARLI ECZANESİ,38
2027-03-15,LEFKOSA,MUSTAFA PEHLİVAN ECZANESİ,38
2027-03-15,MAGUSA,ÇİSEM ECZANESİ,38
2027-03-15,MAGUSA,SÜMER ECZANESİ,38
2027-03-15,GIRNE,KANDİL ECZANESİ,38
2027-03-15,GIRNE,KÜÇÜK ECZANESİ,38
2027-03-15,GIRNE,NAZIM VARIŞ ECZANESİ,38
2027-03-15,GUZELYURT,ERİN ECZANESİ,38
2027-03-15,LEFKE,ŞİFA BİLDİR ECZANESİ,38
2027-03-15,ISKELE,MEVLÜT KAÇMAZ ECZANESİ,38
2027-03-15,KARPAZ_1,SAKINER ECZANESİ,90
2027-03-15,KARPAZ_2,FATMA KAHYAOĞLU ECZANESİ,90
2027-03-16,LEFKOSA,MİEL ECZANESİ,38
2027-03-16,LEFKOSA,MALEK ECZANESİ,38
2027-03-16,LEFKOSA,FULDEN DONANGİL ECZANESİ,38
2027-03-16,MAGUSA,SÜAY SEVİNÇ ECZANESİ,38
2027-03-16,MAGUSA,SAKARYA ECZANESİ,38
2027-03-16,GIRNE,TÖRENSEL ECZANESİ,38
2027-03-16,GIRNE,ÖZGE ÖZÇINAR ECZANESİ,38
2027-03-16,GIRNE,ÖZENİR ECZANESİ,38
2027-03-16,GUZELYURT,GİLANLI ECZANESİ,38
2027-03-16,LEFKE,DİLAN PUL ECZANESİ,38
2027-03-16,ISKELE,PERTEV ZEKİ ECZANESİ,38
2027-03-16,KARPAZ_1,BESİM SEVİNDİK ECZANESİ,90
2027-03-16,KARPAZ_2,MELEK İBRAHİM ECZANESİ,90
2027-03-17,LEFKOSA,IŞIK KEREM ECZANESİ,38
2027-03-17,LEFKOSA,DİLAY KILÇIK ECZANESİ,38
2027-03-17,LEFKOSA,TUNA ECZANESİ,38
2027-03-17,MAGUSA,KUNTER GÜVEN ECZANESİ,38
2027-03-17,MAGUSA,REZAN ECZANESİ,38
2027-03-17,GIRNE,TÖREN ECZANESİ,38
2027-03-17,GIRNE,SELİN ESER ECZANESİ,38
2027-03-17,GIRNE,AYDINLİFE ALSANCAK ECZANESİ,38
2027-03-17,GUZELYURT,İLKİN SADRAZAM ECZANESİ,38
2027-03-17,LEFKE,AYŞE ALTINTUĞ ECZANESİ,38
2027-03-17,ISKELE,SELİN ECZANESİ,38
2027-03-17,KARPAZ_1,KARPAZIN ECZANESİ,90
2027-03-17,KARPAZ_2,OLGUN KAHYAOĞLU ECZANESİ,90
2027-03-18,LEFKOSA,GÖNYELİ ECZANESİ,38
2027-03-18,LEFKOSA,CEMALİYE AĞAOĞLU ECZANESİ,38
2027-03-18,LEFKOSA,ARZUM DAVULCU ECZANESİ,38
2027-03-18,MAGUSA,ÖZGE KALE ECZANESİ,38
2027-03-18,MAGUSA,NADİRE GÖKALP ECZANESİ,38
2027-03-18,GIRNE,MUCİZEM ECZANESİ,38
2027-03-18,GIRNE,POSTACIOĞLU ECZANESİ,38
2027-03-18,GIRNE,MARYAM ECZANESİ,38
2027-03-18,GUZELYURT,İNCİ ECZANESİ,38
2027-03-18,LEFKE,ULUS ECZANESİ,38
2027-03-18,ISKELE,SEVİLAY PIRLANTA ECZANESİ,38
2027-03-18,KARPAZ_1,ERENKÖY ECZANESİ,90
2027-03-18,KARPAZ_2,FATMA KAHYAOĞLU ECZANESİ,90
2027-03-19,LEFKOSA,BUSE KARŞILI ECZANESİ,38
2027-03-19,LEFKOSA,İMGE ECZANESİ,38
2027-03-19,LEFKOSA,YUSUF TANDOĞAN ECZANESİ,38
2027-03-19,MAGUSA,NASİM ECZANESİ,38
2027-03-19,MAGUSA,RANA YONTAR ECZANESİ,38
2027-03-19,GIRNE,MEHMET GAZİ KÖYLÜ ECZANESİ,38
2027-03-19,GIRNE,BUĞÇE ECZANESİ,38
2027-03-19,GIRNE,PINAR KEKLİK ECZANESİ,38
2027-03-19,GUZELYURT,NİLGÜN ECZANESİ,38
2027-03-19,LEFKE,SIDIKA UMAR ECZANESİ,38
2027-03-19,ISKELE,SULTAN TOPEL ECZANESİ,38
2027-03-19,KARPAZ_1,SAKINER ECZANESİ,90
2027-03-19,KARPAZ_2,MELEK İBRAHİM ECZANESİ,90
2027-03-20,LEFKOSA,FERİN ECZANESİ,38
2027-03-20,LEFKOSA,SABİHA BULDUK ECZANESİ,38
2027-03-20,LEFKOSA,HAZAL REİS ECZANESİ,38
2027-03-20,MAGUSA,ADA ECZANESİ,38
2027-03-20,MAGUSA,TURGUT KORHAN ECZANESİ,38
2027-03-20,GIRNE,TURGAY PARALI ECZANESİ,38
2027-03-20,GIRNE,GİRNE ECZANESİ,38
2027-03-20,GIRNE,ŞİFALI ECZANESİ,38
2027-03-20,GUZELYURT,PEMBE SADIKOĞLU ECZANESİ,38
2027-03-20,LEFKE,OSMAN ULUŞAN ECZANESİ,38
2027-03-20,ISKELE,ÖZBİRTAN ECZANESİ,38
2027-03-20,UST_MESARYA,GÖNÜL GÜRDAĞ ECZANESİ,79
2027-03-20,ALT_MESARYA,GÜRSOY ECZANESİ,79
2027-03-20,KARPAZ_1,BESİM SEVİNDİK ECZANESİ,90
2027-03-20,KARPAZ_2,OLGUN KAHYAOĞLU ECZANESİ,90
2027-03-21,LEFKOSA,BAHİRE ÖZSU AKDOĞAN ECZANESİ,38
2027-03-21,LEFKOSA,EBRU BAŞAY ECZANESİ,38
2027-03-21,LEFKOSA,GÜLİZAR ÖZTEKNİK ECZANESİ,38
2027-03-21,MAGUSA,HACER BALIKÇI ECZANESİ,38
2027-03-21,MAGUSA,UZAY ECZANESİ,38
2027-03-21,GIRNE,SEVİN ÇAĞAY ECZANESİ,38
2027-03-21,GIRNE,ÖMRÜM ECZANESİ,38
2027-03-21,GIRNE,AYŞEN ALTAN ECZANESİ,38
2027-03-21,GUZELYURT,RESMİYE ESE ECZANESİ,38
2027-03-21,LEFKE,İLKSEN ECZANESİ,38
2027-03-21,ISKELE,SÜNMEZ ECZANESİ,38
2027-03-21,UST_MESARYA,GÜLTEN VELİ ECZANESİ,79
2027-03-21,ALT_MESARYA,PHARGAMOS ECZANESİ,79
2027-03-21,KARPAZ_1,KARPAZIN ECZANESİ,90
2027-03-21,KARPAZ_2,FATMA KAHYAOĞLU ECZANESİ,90
2027-03-22,LEFKOSA,SEZER ECZANESİ,38
2027-03-22,LEFKOSA,DİLAY MENEKAY ECZANESİ,38
2027-03-22,LEFKOSA,ŞİRİN BOLKAN ECZANESİ,38
2027-03-22,MAGUSA,ECE ECZANESİ,38
2027-03-22,MAGUSA,KARAKOL ECZANESİ,38
2027-03-22,GIRNE,RIZKI 2 ECZANESİ,38
2027-03-22,GIRNE,ILGEN ECZANESİ,38
2027-03-22,GIRNE,AHMET ÇAĞER ECZANESİ,38
2027-03-22,GUZELYURT,SEDEF SONAT ECZANESİ,38
2027-03-22,LEFKE,DERVİŞ KUTRET ECZANESİ,38
2027-03-22,ISKELE,NALAN ECZANESİ,38
2027-03-22,KARPAZ_1,ERENKÖY ECZANESİ,90
2027-03-22,KARPAZ_2,MELEK İBRAHİM ECZANESİ,90
2027-03-23,LEFKOSA,MUSTAFA GÜRMAN ECZANESİ,38
2027-03-23,LEFKOSA,BUSE AVCI ECZANESİ,38
2027-03-23,LEFKOSA,SUDE UZUN ECZANESİ,38
2027-03-23,MAGUSA,EMİR ECZANESİ,38
2027-03-23,MAGUSA,AYŞEM ÇİL ECZANESİ,38
2027-03-23,GIRNE,AYHAN ACARKAN ECZANESİ,38
2027-03-23,GIRNE,AYDIN LİFE ECZANESİ,38
2027-03-23,GIRNE,ASRIN ÜMİT ECZANESİ,38
2027-03-23,GUZELYURT,SERCAN AVCI ECZANESİ,38
2027-03-23,LEFKE,ŞİFA BİLDİR ECZANESİ,38
2027-03-23,ISKELE,AVİCENNA ECZANESİ,38
2027-03-23,KARPAZ_1,SAKINER ECZANESİ,90
2027-03-23,KARPAZ_2,OLGUN KAHYAOĞLU ECZANESİ,90
2027-03-24,LEFKOSA,BALIN ECZANESİ,39
2027-03-24,LEFKOSA,LEFKOŞA ECZANESİ,39
2027-03-24,LEFKOSA,SERPİN ONAY ECZANESİ,39
2027-03-24,MAGUSA,ASLI EREN ECZANESİ,39
2027-03-24,MAGUSA,MELİKE BARBAROS ECZANESİ,39
2027-03-24,GIRNE,GÜNDAL ECZANESİ,39
2027-03-24,GIRNE,ERDOĞAN ÖZİKİZ ECZANESİ,39
2027-03-24,GIRNE,BARIŞ ECZANESİ,39
2027-03-24,GUZELYURT,SEVİL ECZANESİ,39
2027-03-24,LEFKE,ALTINCI ECZANESİ,39
2027-03-24,ISKELE,BUSE ULUÇAY ECZANESİ,39
2027-03-24,KARPAZ_1,BESİM SEVİNDİK ECZANESİ,90
2027-03-24,KARPAZ_2,FATMA KAHYAOĞLU ECZANESİ,90
2027-03-25,LEFKOSA,MERVE BİLLUR ECZANESİ,39
2027-03-25,LEFKOSA,GÜNEY ENGİNOL ECZANESİ,39
2027-03-25,LEFKOSA,VAİZ ECZANESİ,39
2027-03-25,MAGUSA,BURCU GÖKALP ECZANESİ,39
2027-03-25,MAGUSA,GÖKÇEN İLKTAÇ ECZANESİ,39
2027-03-25,GIRNE,NESRİN HATİPOĞLU ECZANESİ,39
2027-03-25,GIRNE,MELİSA İŞİMTEKİN ECZANESİ,39
2027-03-25,GIRNE,MARYAM ECZANESİ,39
2027-03-25,GUZELYURT,ŞİFA SİPERCİ ECZANESİ,39
2027-03-25,LEFKE,AYŞE ALTINTUĞ ECZANESİ,39
2027-03-25,ISKELE,ERDEM SURURİ ECZANESİ,39
2027-03-25,KARPAZ_1,KARPAZIN ECZANESİ,90
2027-03-25,KARPAZ_2,MELEK İBRAHİM ECZANESİ,90
2027-03-26,LEFKOSA,KAPTANCAN ECZANESİ,39
2027-03-26,LEFKOSA,OBA 2 ECZANESİ,39
2027-03-26,LEFKOSA,DEREBOYU ECZANESİ,39
2027-03-26,MAGUSA,ÇAĞKAN AKSOY ECZANESİ,39
2027-03-26,MAGUSA,MEHMETALİ BEYAZ ECZANESİ,39
2027-03-26,GIRNE,MELİS UZUN ECZANESİ,39
2027-03-26,GIRNE,İPEK YÖNEY ECZANESİ,39
2027-03-26,GIRNE,SALİM KARABEKİR ECZANESİ,39
2027-03-26,GUZELYURT,SÜREYYA ÖZCOŞKUN ECZANESİ,39
2027-03-26,LEFKE,İLKSEN ECZANESİ,39
2027-03-26,ISKELE,SEVİLAY PIRLANTA ECZANESİ,39
2027-03-26,KARPAZ_1,ERENKÖY ECZANESİ,90
2027-03-26,KARPAZ_2,OLGUN KAHYAOĞLU ECZANESİ,90
2027-03-27,LEFKOSA,ÇAĞANSOY ECZANESİ,39
2027-03-27,LEFKOSA,İZEM ECZANESİ,39
2027-03-27,LEFKOSA,SÜHEYLA AŞAN ECZANESİ,39
2027-03-27,MAGUSA,ULUÇAY ECZANESİ,39
2027-03-27,MAGUSA,HALİL HAMZALAR ECZANESİ,39
2027-03-27,GIRNE,İBRAHİM BARDAK ECZANESİ,39
2027-03-27,GIRNE,NEJLA ERÇAL ECZANESİ,39
2027-03-27,GIRNE,AYDINLİFE ALSANCAK ECZANESİ,39
2027-03-27,GUZELYURT,UYUMSAL ECZANESİ,39
2027-03-27,LEFKE,HATİCE SOYER ECZANESİ,39
2027-03-27,ISKELE,PERTEV ZEKİ ECZANESİ,39
2027-03-27,UST_MESARYA,MELİZ ECZANESİ,79
2027-03-27,ALT_MESARYA,KINAY ECZANESİ,79
2027-03-27,KARPAZ_1,SAKINER ECZANESİ,90
2027-03-27,KARPAZ_2,FATMA KAHYAOĞLU ECZANESİ,90
2027-03-28,LEFKOSA,AZİZ GÜZELER ECZANESİ,39
2027-03-28,LEFKOSA,GÜLİSTAN ARICI ECZANESİ,39
2027-03-28,LEFKOSA,ÇELER ECZANESİ,39
2027-03-28,MAGUSA,GÜZER ECZANESİ,39
2027-03-28,MAGUSA,TANYA SALİMER ECZANESİ,39
2027-03-28,GIRNE,EDA ATAÇAĞ ECZANESİ,39
2027-03-28,GIRNE,GÜNAY VARIŞ ECZANESİ,39
2027-03-28,GIRNE,ÖZENİR ECZANESİ,39
2027-03-28,GUZELYURT,AŞAR ECZANESİ,39
2027-03-28,LEFKE,DİLAN PUL ECZANESİ,39
2027-03-28,ISKELE,AVİCENNA ECZANESİ,39
2027-03-28,UST_MESARYA,SERDARLI ECZANESİ,79
2027-03-28,ALT_MESARYA,KUDRET ECZANESİ,79
2027-03-28,KARPAZ_1,BESİM SEVİNDİK ECZANESİ,90
2027-03-28,KARPAZ_2,MELEK İBRAHİM ECZANESİ,90
2027-03-29,LEFKOSA,TÜRKAN ŞENTİP ECZANESİ,39
2027-03-29,LEFKOSA,ÇAĞIN KORKMAZER ECZANESİ,39
2027-03-29,LEFKOSA,NERİMAN KARATAÇ ECZANESİ,39
2027-03-29,MAGUSA,VEZİROĞLU ECZANESİ,39
2027-03-29,MAGUSA,ODUNCUOĞLU ECZANESİ,39
2027-03-29,GIRNE,ADAŞEHİR ECZANESİ,39
2027-03-29,GIRNE,MUCİZEM ECZANESİ,39
2027-03-29,GIRNE,SOYERLER ECZANESİ,39
2027-03-29,GUZELYURT,AYCAN ECZANESİ,39
2027-03-29,LEFKE,ŞİFA BİLDİR ECZANESİ,39
2027-03-29,ISKELE,GÖKBERK ALP YAKAR ECZANESİ,39
2027-03-29,KARPAZ_1,KARPAZIN ECZANESİ,90
2027-03-29,KARPAZ_2,OLGUN KAHYAOĞLU ECZANESİ,90
2027-03-30,LEFKOSA,ORTAKÖY ECZANESİ,39
2027-03-30,LEFKOSA,SEVGİ KIRBOĞA ECZANESİ,39
2027-03-30,LEFKOSA,SÖZÜÖZ ECZANESİ,39
2027-03-30,MAGUSA,ZEYNEP ECZANESİ,39
2027-03-30,MAGUSA,İNEM MİMAR ECZANESİ,39
2027-03-30,GIRNE,AYLAND ECZANESİ,39
2027-03-30,GIRNE,ŞULE YILDIZDOĞAN ECZANESİ,39
2027-03-30,GIRNE,NAZIM VARIŞ ECZANESİ,39
2027-03-30,GUZELYURT,CAMCIOĞLU ECZANESİ,39
2027-03-30,LEFKE,ULUS ECZANESİ,39
2027-03-30,ISKELE,SELİN ECZANESİ,39
2027-03-30,KARPAZ_1,ERENKÖY ECZANESİ,90
2027-03-30,KARPAZ_2,FATMA KAHYAOĞLU ECZANESİ,90
2027-03-31,LEFKOSA,SERNA ECZANESİ,39
2027-03-31,LEFKOSA,ÇİSE YILDIRIM ECZANESİ,39
2027-03-31,LEFKOSA,ŞERİFE ADEMOĞULLARI ECZANESİ,39
2027-03-31,MAGUSA,BARIŞER ECZANESİ,39
2027-03-31,MAGUSA,FUNDA ERSÖZLÜ ECZANESİ,39
2027-03-31,GIRNE,SEVİN ÇAĞAY ECZANESİ,39
2027-03-31,GIRNE,SOYERLER 1 ECZANESİ,39
2027-03-31,GIRNE,AHMET ÇAĞER ECZANESİ,39
2027-03-31,GUZELYURT,DOĞUŞ TÜRKBAYOĞLU ECZANESİ,39
2027-03-31,LEFKE,SIDIKA UMAR ECZANESİ,39
2027-03-31,ISKELE,ERDEM SURURİ ECZANESİ,39
2027-03-31,KARPAZ_1,SAKINER ECZANESİ,90
2027-03-31,KARPAZ_2,MELEK İBRAHİM ECZANESİ,90
2027-04-01,LEFKOSA,HALKSEVER ECZANESİ,40
2027-04-01,LEFKOSA,EREN ECZANESİ,40
2027-04-01,LEFKOSA,YENİŞEHİR ECZANESİ,40
2027-04-01,MAGUSA,VELİ NURLUÖZ ECZANESİ,40
2027-04-01,MAGUSA,MEVA ECZANESİ,40
2027-04-01,GIRNE,TÖREN 2 ECZANESİ,40
2027-04-01,GIRNE,ENVER POLİLİ ECZANESİ,40
2027-04-01,GIRNE,PINAR KEKLİK ECZANESİ,40
2027-04-01,GUZELYURT,EMİNE ŞENTÜRK ECZANESİ,40
2027-04-01,LEFKE,OSMAN ULUŞAN ECZANESİ,40
2027-04-01,ISKELE,MEVLÜT KAÇMAZ ECZANESİ,40
2027-04-01,KARPAZ_1,BESİM SEVİNDİK ECZANESİ,91
2027-04-01,KARPAZ_2,OLGUN KAHYAOĞLU ECZANESİ,91
2027-04-02,LEFKOSA,DAMLA KARDÜZ ECZANESİ,40
2027-04-02,LEFKOSA,YEŞİM ECZANESİ,40
2027-04-02,LEFKOSA,SERKAN KERVAN ECZANESİ,40
2027-04-02,MAGUSA,NİLHAN SOYSAL ECZANESİ,40
2027-04-02,MAGUSA,OSMANKAN ECZANESİ,40
2027-04-02,GIRNE,ZİYA SENCER ECZANESİ,40
2027-04-02,GIRNE,ALENBAY ECZANESİ,40
2027-04-02,GIRNE,ŞİFALI ECZANESİ,40
2027-04-02,GUZELYURT,ERİN ECZANESİ,40
2027-04-02,LEFKE,ŞİFA BİLDİR ECZANESİ,40
2027-04-02,ISKELE,NALAN ECZANESİ,40
2027-04-02,KARPAZ_1,KARPAZIN ECZANESİ,91
2027-04-02,KARPAZ_2,FATMA KAHYAOĞLU ECZANESİ,91
2027-04-03,LEFKOSA,EMEL ATAÇAĞ ECZANESİ,40
2027-04-03,LEFKOSA,SEVCAN ECZANESİ,40
2027-04-03,LEFKOSA,ABBASOĞLU ECZANESİ,40
2027-04-03,MAGUSA,GİZEM KARAHASAN ECZANESİ,40
2027-04-03,MAGUSA,ZERİN VOLKAN ECZANESİ,40
2027-04-03,GIRNE,TÖREN ECZANESİ,40
2027-04-03,GIRNE,AYDIN LİFE ECZANESİ,40
2027-04-03,GIRNE,AHMET ÇAĞER ECZANESİ,40
2027-04-03,GUZELYURT,GİLANLI ECZANESİ,40
2027-04-03,LEFKE,DİLAN PUL ECZANESİ,40
2027-04-03,ISKELE,SELİN ECZANESİ,40
2027-04-03,UST_MESARYA,YÜKSEL ECZANESİ,79
2027-04-03,ALT_MESARYA,MEHMET HOCA ECZANESİ,79
2027-04-03,KARPAZ_1,ERENKÖY ECZANESİ,91
2027-04-03,KARPAZ_2,MELEK İBRAHİM ECZANESİ,91
2027-04-04,LEFKOSA,KEZİBAN TİLKİ ECZANESİ,40
2027-04-04,LEFKOSA,HÜSEYİN SAKALLI ECZANESİ,40
2027-04-04,LEFKOSA,İSMET ECZANESİ,40
2027-04-04,MAGUSA,ÖZNERGİS ECZANESİ,40
2027-04-04,MAGUSA,EYLÜL DALKILINÇ ECZANESİ,40
2027-04-04,GIRNE,KÜÇÜK ECZANESİ,40
2027-04-04,GIRNE,CENGİZ SOLMAZ ECZANESİ,40
2027-04-04,GIRNE,AYDINLİFE ALSANCAK ECZANESİ,40
2027-04-04,GUZELYURT,İLKİN SADRAZAM ECZANESİ,40
2027-04-04,LEFKE,ALTINCI ECZANESİ,40
2027-04-04,ISKELE,BUSE ULUÇAY ECZANESİ,40
2027-04-04,UST_MESARYA,ESER AVCI ECZANESİ,79
2027-04-04,ALT_MESARYA,MEHMET TUT ECZANESİ,79
2027-04-04,KARPAZ_1,SAKINER ECZANESİ,91
2027-04-04,KARPAZ_2,OLGUN KAHYAOĞLU ECZANESİ,91
2027-04-05,LEFKOSA,SEV ECZANESİ,40
2027-04-05,LEFKOSA,SONUÇ ECZANESİ,40
2027-04-05,LEFKOSA,ZEHRA ECZANESİ,40
2027-04-05,MAGUSA,ASYA TEKBIYIK ECZANESİ,40
2027-04-05,MAGUSA,HİÇKORKMAZ ECZANESİ,40
2027-04-05,GIRNE,NURÇAĞ ECZANESİ,40
2027-04-05,GIRNE,ORÇUN ÖZKASAP ECZANESİ,40
2027-04-05,GIRNE,AYŞEN ALTAN ECZANESİ,40
2027-04-05,GUZELYURT,UYUMSAL ECZANESİ,40
2027-04-05,LEFKE,ULUS ECZANESİ,40
2027-04-05,ISKELE,ÖZBİRTAN ECZANESİ,40
2027-04-05,KARPAZ_1,BESİM SEVİNDİK ECZANESİ,91
2027-04-05,KARPAZ_2,FATMA KAHYAOĞLU ECZANESİ,91
2027-04-06,LEFKOSA,ALPDOĞAN ECZANESİ,40
2027-04-06,LEFKOSA,NERGİS ECZANESİ,40
2027-04-06,LEFKOSA,NECATİBEY ECZANESİ,40
2027-04-06,MAGUSA,AYBENK ECZANESİ,40
2027-04-06,MAGUSA,PETEK ECZANESİ,40
2027-04-06,GIRNE,ŞULE YILDIZDOĞAN ECZANESİ,40
2027-04-06,GIRNE,EMİNAĞA ECZANESİ,40
2027-04-06,GIRNE,ZEHRA KELEBEK ECZANESİ,40
2027-04-06,GUZELYURT,NİLGÜN ECZANESİ,40
2027-04-06,LEFKE,HATİCE SOYER ECZANESİ,40
2027-04-06,ISKELE,PERTEV ZEKİ ECZANESİ,40
2027-04-06,KARPAZ_1,KARPAZIN ECZANESİ,91
2027-04-06,KARPAZ_2,MELEK İBRAHİM ECZANESİ,91
2027-04-07,LEFKOSA,DİMAY KAĞCAN ECZANESİ,40
2027-04-07,LEFKOSA,BİLGE TÜRKSEVEN ECZANESİ,40
2027-04-07,LEFKOSA,NECLA EMİN ECZANESİ,40
2027-04-07,MAGUSA,BAHAR ECZANESİ,40
2027-04-07,MAGUSA,UMUT ECZANESİ,40
2027-04-07,GIRNE,ADAŞEHİR ECZANESİ,40
2027-04-07,GIRNE,ÖMRÜM ECZANESİ,40
2027-04-07,GIRNE,SOYERLER ECZANESİ,40
2027-04-07,GUZELYURT,PEMBE SADIKOĞLU ECZANESİ,40
2027-04-07,LEFKE,AYŞE ALTINTUĞ ECZANESİ,40
2027-04-07,ISKELE,AVİCENNA ECZANESİ,40
2027-04-07,KARPAZ_1,ERENKÖY ECZANESİ,91
2027-04-07,KARPAZ_2,OLGUN KAHYAOĞLU ECZANESİ,91
2027-04-08,LEFKOSA,AHMET MISIRLI ECZANESİ,40
2027-04-08,LEFKOSA,APAYDIN ECZANESİ,40
2027-04-08,LEFKOSA,EMİNE KESKİN ECZANESİ,40
2027-04-08,MAGUSA,BUĞÇE BAYRAM ECZANESİ,40
2027-04-08,MAGUSA,ÖREN ECZANESİ,40
2027-04-08,GIRNE,GİRNE ECZANESİ,40
2027-04-08,GIRNE,GÜNAY VARIŞ ECZANESİ,40
2027-04-08,GIRNE,BARIŞ ECZANESİ,40
2027-04-08,GUZELYURT,RESMİYE ESE ECZANESİ,40
2027-04-08,LEFKE,DERVİŞ KUTRET ECZANESİ,40
2027-04-08,ISKELE,İSKELE ECZANESİ,40
2027-04-08,KARPAZ_1,SAKINER ECZANESİ,91
2027-04-08,KARPAZ_2,FATMA KAHYAOĞLU ECZANESİ,91
2027-04-09,LEFKOSA,YONCA HATİPOĞLU ECZANESİ,40
2027-04-09,LEFKOSA,YENİKENT ECZANESİ,40
2027-04-09,LEFKOSA,AKDORA ECZANESİ,40
2027-04-09,MAGUSA,ÇİSEM ECZANESİ,40
2027-04-09,MAGUSA,DEMET ECZANESİ,40
2027-04-09,GIRNE,SETENAY BENGİSU ECZANESİ,40
2027-04-09,GIRNE,SHİMA ECZANESİ,40
2027-04-09,GIRNE,SALİM KARABEKİR ECZANESİ,40
2027-04-09,GUZELYURT,SEDEF SONAT ECZANESİ,40
2027-04-09,LEFKE,ŞİFA BİLDİR ECZANESİ,40
2027-04-09,ISKELE,SULTAN TOPEL ECZANESİ,40
2027-04-09,KARPAZ_1,BESİM SEVİNDİK ECZANESİ,91
2027-04-09,KARPAZ_2,MELEK İBRAHİM ECZANESİ,91
2027-04-10,LEFKOSA,HARİKA OTAĞ ECZANESİ,41
2027-04-10,LEFKOSA,ARDA ULUPINAR ECZANESİ,41
2027-04-10,LEFKOSA,FATMA YÜRÜN ECZANESİ,41
2027-04-10,MAGUSA,ERGİN ECZANESİ,41
2027-04-10,MAGUSA,ÇİSE SEZEREL ECZANESİ,41
2027-04-10,GIRNE,BUĞÇE ECZANESİ,41
2027-04-10,GIRNE,RIZKI 2 ECZANESİ,41
2027-04-10,GIRNE,MARYAM ECZANESİ,41
2027-04-10,GUZELYURT,SERCAN AVCI ECZANESİ,41
2027-04-10,LEFKE,İLKSEN ECZANESİ,41
2027-04-10,ISKELE,SEVİLAY PIRLANTA ECZANESİ,41
2027-04-10,UST_MESARYA,GÖNÜL GÜRDAĞ ECZANESİ,79
2027-04-10,ALT_MESARYA,PHARGAMOS ECZANESİ,79
2027-04-10,KARPAZ_1,KARPAZIN ECZANESİ,91
2027-04-10,KARPAZ_2,OLGUN KAHYAOĞLU ECZANESİ,91
2027-04-11,LEFKOSA,LAİKA GÖKÇEKUŞ ECZANESİ,41
2027-04-11,LEFKOSA,PERVİN ECZANESİ,41
2027-04-11,LEFKOSA,FATMA AŞİNA ECZANESİ,41
2027-04-11,MAGUSA,MELİKE DEMİRSÖZ ECZANESİ,41
2027-04-11,MAGUSA,AYŞE ÖZBEYCAN ECZANESİ,41
2027-04-11,GIRNE,ILGEN ECZANESİ,41
2027-04-11,GIRNE,İPEK YÖNEY ECZANESİ,41
2027-04-11,GIRNE,ÖZENİR ECZANESİ,41
2027-04-11,GUZELYURT,SEVİL ECZANESİ,41
2027-04-11,LEFKE,SIDIKA UMAR ECZANESİ,41
2027-04-11,ISKELE,ERDEM SURURİ ECZANESİ,41
2027-04-11,UST_MESARYA,GÜLTEN VELİ ECZANESİ,79
2027-04-11,ALT_MESARYA,SERVET GÖKŞİN ECZANESİ,79
2027-04-11,KARPAZ_1,ERENKÖY ECZANESİ,91
2027-04-11,KARPAZ_2,FATMA KAHYAOĞLU ECZANESİ,91
2027-04-12,LEFKOSA,ÜLKER POZAN ECZANESİ,41
2027-04-12,LEFKOSA,UMUT ÖKSÜZ ECZANESİ,41
2027-04-12,LEFKOSA,ARASTA ECZANESİ,41
2027-04-12,MAGUSA,ERTUĞ EMİN ECZANESİ,41
2027-04-12,MAGUSA,MEHMET ARTER ECZANESİ,41
2027-04-12,GIRNE,DİLARA ÖZHAMİT ECZANESİ,41
2027-04-12,GIRNE,KARAOĞLANOĞLU ECZANESİ,41
2027-04-12,GIRNE,ASRIN ÜMİT ECZANESİ,41
2027-04-12,GUZELYURT,ŞİFA SİPERCİ ECZANESİ,41
2027-04-12,LEFKE,OSMAN ULUŞAN ECZANESİ,41
2027-04-12,ISKELE,SÜNMEZ ECZANESİ,41
2027-04-12,KARPAZ_1,SAKINER ECZANESİ,91
2027-04-12,KARPAZ_2,MELEK İBRAHİM ECZANESİ,91
2027-04-13,LEFKOSA,ORHAN BERKE ECZANESİ,41
2027-04-13,LEFKOSA,ÇAĞLAYAN ECZANESİ,41
2027-04-13,LEFKOSA,BAHAR NURLUÖZ ECZANESİ,41
2027-04-13,MAGUSA,MISRA ÖZBAY ECZANESİ,41
2027-04-13,MAGUSA,KAĞAN KANDEMİR ECZANESİ,41
2027-04-13,GIRNE,NESRİN HATİPOĞLU ECZANESİ,41
2027-04-13,GIRNE,NEJLA ERÇAL ECZANESİ,41
2027-04-13,GIRNE,PINAR KEKLİK ECZANESİ,41
2027-04-13,GUZELYURT,SÜREYYA ÖZCOŞKUN ECZANESİ,41
2027-04-13,LEFKE,DİLAN PUL ECZANESİ,41
2027-04-13,ISKELE,AVİCENNA ECZANESİ,41
2027-04-13,KARPAZ_1,BESİM SEVİNDİK ECZANESİ,91
2027-04-13,KARPAZ_2,OLGUN KAHYAOĞLU ECZANESİ,91
2027-04-14,LEFKOSA,DENİZ ÇORBA ECZANESİ,41
2027-04-14,LEFKOSA,GALEN ECZANESİ,41
2027-04-14,LEFKOSA,ERSAĞ ECZANESİ,41
2027-04-14,MAGUSA,SÜMER ECZANESİ,41
2027-04-14,MAGUSA,İÇTEN ECZANESİ,41
2027-04-14,GIRNE,ARDA ÇELİK ECZANESİ,41
2027-04-14,GIRNE,AYHAN ACARKAN ECZANESİ,41
2027-04-14,GIRNE,NAZIM VARIŞ ECZANESİ,41
2027-04-14,GUZELYURT,UYUMSAL ECZANESİ,41
2027-04-14,LEFKE,ALTINCI ECZANESİ,41
2027-04-14,ISKELE,BUSE ULUÇAY ECZANESİ,41
2027-04-14,KARPAZ_1,KARPAZIN ECZANESİ,91
2027-04-14,KARPAZ_2,FATMA KAHYAOĞLU ECZANESİ,91
2027-04-15,LEFKOSA,ATAER ECZANESİ,41
2027-04-15,LEFKOSA,DAĞMAN ECZANESİ,41
2027-04-15,LEFKOSA,ADAHAN ECZANESİ,41
2027-04-15,MAGUSA,HANDE BESMEL ECZANESİ,41
2027-04-15,MAGUSA,KUNTER GÜVEN ECZANESİ,41
2027-04-15,GIRNE,İBRAHİM BARDAK ECZANESİ,41
2027-04-15,GIRNE,ALENBAY ECZANESİ,41
2027-04-15,GIRNE,AYDINLİFE ALSANCAK ECZANESİ,41
2027-04-15,GUZELYURT,AŞAR ECZANESİ,41
2027-04-15,LEFKE,HATİCE SOYER ECZANESİ,41
2027-04-15,ISKELE,ERDEM SURURİ ECZANESİ,41
2027-04-15,KARPAZ_1,ERENKÖY ECZANESİ,91
2027-04-15,KARPAZ_2,MELEK İBRAHİM ECZANESİ,91
2027-04-16,LEFKOSA,OBA ECZANESİ,41
2027-04-16,LEFKOSA,ERTUNGA ECZANESİ,41
2027-04-16,LEFKOSA,NELİN ECZANESİ,41
2027-04-16,MAGUSA,LARNAKA YOLU ECZANESİ,41
2027-04-16,MAGUSA,HALKIN ECZANESİ,41
2027-04-16,GIRNE,EMİNAĞA ECZANESİ,41
2027-04-16,GIRNE,AŞAR KARAOĞLANOĞLU ECZANESİ,41
2027-04-16,GIRNE,AHMET ÇAĞER ECZANESİ,41
2027-04-16,GUZELYURT,AYCAN ECZANESİ,41
2027-04-16,LEFKE,DERVİŞ KUTRET ECZANESİ,41
2027-04-16,ISKELE,GÖKBERK ALP YAKAR ECZANESİ,41
2027-04-16,KARPAZ_1,SAKINER ECZANESİ,91
2027-04-16,KARPAZ_2,OLGUN KAHYAOĞLU ECZANESİ,91
2027-04-17,LEFKOSA,KERMİYA ECZANESİ,41
2027-04-17,LEFKOSA,BERKE SEMERCİ ECZANESİ,41
2027-04-17,LEFKOSA,BEHAYİ YILMABAŞAR ECZANESİ,41
2027-04-17,MAGUSA,SEMAHAT ATAYOL ECZANESİ,41
2027-04-17,MAGUSA,GÖKÇEN İLKTAÇ ECZANESİ,41
2027-04-17,GIRNE,POSTACIOĞLU ECZANESİ,41
2027-04-17,GIRNE,AYLAND ECZANESİ,41
2027-04-17,GIRNE,AYŞEN ALTAN ECZANESİ,41
2027-04-17,GUZELYURT,CAMCIOĞLU ECZANESİ,41
2027-04-17,LEFKE,ŞİFA BİLDİR ECZANESİ,41
2027-04-17,ISKELE,SULTAN TOPEL ECZANESİ,41
2027-04-17,UST_MESARYA,MELİZ ECZANESİ,79
2027-04-17,ALT_MESARYA,VADİLİ ECZANESİ,79
2027-04-17,KARPAZ_1,BESİM SEVİNDİK ECZANESİ,91
2027-04-17,KARPAZ_2,FATMA KAHYAOĞLU ECZANESİ,91
2027-04-18,LEFKOSA,SAFİYE ÇAĞANSEL ECZANESİ,41
2027-04-18,LEFKOSA,İNCİRLİ ECZANESİ,41
2027-04-18,LEFKOSA,PAPATYAM ECZANESİ,41
2027-04-18,MAGUSA,SERHAT BAYBORA ECZANESİ,41
2027-04-18,MAGUSA,NADİRE GÖKALP ECZANESİ,41
2027-04-18,GIRNE,AŞAR ECZANESİ,41
2027-04-18,GIRNE,ERDOĞAN ÖZİKİZ ECZANESİ,41
2027-04-18,GIRNE,SOYERLER ECZANESİ,41
2027-04-18,GUZELYURT,DOĞUŞ TÜRKBAYOĞLU ECZANESİ,41
2027-04-18,LEFKE,OSMAN ULUŞAN ECZANESİ,41
2027-04-18,ISKELE,AVİCENNA ECZANESİ,41
2027-04-18,UST_MESARYA,SERDARLI ECZANESİ,79
2027-04-18,ALT_MESARYA,BUĞRA ECZANESİ,79
2027-04-18,KARPAZ_1,KARPAZIN ECZANESİ,91
2027-04-18,KARPAZ_2,MELEK İBRAHİM ECZANESİ,91
2027-04-19,LEFKOSA,SEVGİ KARABEKİR ECZANESİ,42
2027-04-19,LEFKOSA,CANEŞ ECZANESİ,42
2027-04-19,LEFKOSA,HAMİTKÖY ECZANESİ,42
2027-04-19,MAGUSA,SÜAY SEVİNÇ ECZANESİ,42
2027-04-19,MAGUSA,AYŞEM ÇİL ECZANESİ,42
2027-04-19,GIRNE,EDA ATAÇAĞ ECZANESİ,42
2027-04-19,GIRNE,MELİSA İŞİMTEKİN ECZANESİ,42
2027-04-19,GIRNE,BARIŞ ECZANESİ,42
2027-04-19,GUZELYURT,EMİNE ŞENTÜRK ECZANESİ,42
2027-04-19,LEFKE,AYŞE ALTINTUĞ ECZANESİ,42
2027-04-19,ISKELE,,42
2027-04-19,KARPAZ_1,ERENKÖY ECZANESİ,91
2027-04-19,KARPAZ_2,OLGUN KAHYAOĞLU ECZANESİ,91
2027-04-20,LEFKOSA,ÇAĞRI CANDANAL ECZANESİ,42
2027-04-20,LEFKOSA,AKDENİZ ECZANESİ,42
2027-04-20,LEFKOSA,NİLCAN YAVUZCAN ECZANESİ,42
2027-04-20,MAGUSA,VELİ ATEŞ ECZANESİ,42
2027-04-20,MAGUSA,ARAS ÖNCÜ ECZANESİ,42
2027-04-20,GIRNE,MEHMET KAMİLOĞLU ECZANESİ,42
2027-04-20,GIRNE,MUCİZEM ECZANESİ,42
2027-04-20,GIRNE,MARYAM ECZANESİ,42
2027-04-20,GUZELYURT,ERİN ECZANESİ,42
2027-04-20,LEFKE,İLKSEN ECZANESİ,42
2027-04-20,ISKELE,ÖZBİRTAN ECZANESİ,42
2027-04-20,KARPAZ_1,SAKINER ECZANESİ,91
2027-04-20,KARPAZ_2,FATMA KAHYAOĞLU ECZANESİ,91
2027-04-21,LEFKOSA,ÖZVOL ECZANESİ,42
2027-04-21,LEFKOSA,ARZUM DAVULCU ECZANESİ,42
2027-04-21,LEFKOSA,ÖZNEM KILINÇKINI ECZANESİ,42
2027-04-21,MAGUSA,ADA ECZANESİ,42
2027-04-21,MAGUSA,ÖZGE KALE ECZANESİ,42
2027-04-21,GIRNE,DÜNYA ECZANESİ,42
2027-04-21,GIRNE,SEVİN ÇAĞAY ECZANESİ,42
2027-04-21,GIRNE,ZEHRA KELEBEK ECZANESİ,42
2027-04-21,GUZELYURT,GİLANLI ECZANESİ,42
2027-04-21,LEFKE,SIDIKA UMAR ECZANESİ,42
2027-04-21,ISKELE,MEVLÜT KAÇMAZ ECZANESİ,42
2027-04-21,KARPAZ_1,BESİM SEVİNDİK ECZANESİ,91
2027-04-21,KARPAZ_2,MELEK İBRAHİM ECZANESİ,91
2027-04-22,LEFKOSA,AYŞE BIYIKOĞLU ECZANESİ,42
2027-04-22,LEFKOSA,CEVHER ECZANESİ,42
2027-04-22,LEFKOSA,KIZILBAŞ ECZANESİ,42
2027-04-22,MAGUSA,FAYDALI ECZANESİ,42
2027-04-22,MAGUSA,RANA YONTAR ECZANESİ,42
2027-04-22,GIRNE,ENVER POLİLİ ECZANESİ,42
2027-04-22,GIRNE,MEHMET GAZİ KÖYLÜ ECZANESİ,42
2027-04-22,GIRNE,ÖZENİR ECZANESİ,42
2027-04-22,GUZELYURT,NİLGÜN ECZANESİ,42
2027-04-22,LEFKE,DİLAN PUL ECZANESİ,42
2027-04-22,ISKELE,NALAN ECZANESİ,42
2027-04-22,KARPAZ_1,KARPAZIN ECZANESİ,91
2027-04-22,KARPAZ_2,OLGUN KAHYAOĞLU ECZANESİ,91
2027-04-23,LEFKOSA,SEVAL KAYMAK ECZANESİ,42
2027-04-23,LEFKOSA,IŞIK KEREM ECZANESİ,42
2027-04-23,LEFKOSA,TULİS ECZANESİ,42
2027-04-23,MAGUSA,REZAN ECZANESİ,42
2027-04-23,MAGUSA,ECE ECZANESİ,42
2027-04-23,GIRNE,MELİS UZUN ECZANESİ,42
2027-04-23,GIRNE,TÖRENSEL ECZANESİ,42
2027-04-23,GIRNE,ŞİFALI ECZANESİ,42
2027-04-23,GUZELYURT,ŞİFA SİPERCİ ECZANESİ,42
2027-04-23,LEFKE,HATİCE SOYER ECZANESİ,42
2027-04-23,ISKELE,GÖKBERK ALP YAKAR ECZANESİ,42
2027-04-23,UST_MESARYA,ESER AVCI ECZANESİ,79
2027-04-23,ALT_MESARYA,DOĞUŞ ACARÖZ ECZANESİ,79
2027-04-23,KARPAZ_1,ERENKÖY ECZANESİ,92
2027-04-23,KARPAZ_2,FATMA KAHYAOĞLU ECZANESİ,92
2027-04-24,LEFKOSA,CEMİLE FIRINCIOĞLULARI ECZANESİ,42
2027-04-24,LEFKOSA,CEMRE ECZANESİ,42
2027-04-24,LEFKOSA,TUNA ECZANESİ,42
2027-04-24,MAGUSA,NASİM ECZANESİ,42
2027-04-24,MAGUSA,ODUNCUOĞLU ECZANESİ,42
2027-04-24,GIRNE,KANDİL ECZANESİ,42
2027-04-24,GIRNE,GÜNDAL ECZANESİ,42
2027-04-24,GIRNE,NAZIM VARIŞ ECZANESİ,42
2027-04-24,GUZELYURT,İLKİN SADRAZAM ECZANESİ,42
2027-04-24,LEFKE,DERVİŞ KUTRET ECZANESİ,42
2027-04-24,ISKELE,SÜNMEZ ECZANESİ,42
2027-04-24,UST_MESARYA,GÖNÜL GÜRDAĞ ECZANESİ,79
2027-04-24,ALT_MESARYA,DÖRTYOL ECZANESİ,79
2027-04-24,KARPAZ_1,SAKINER ECZANESİ,92
2027-04-24,KARPAZ_2,MELEK İBRAHİM ECZANESİ,92
2027-04-25,LEFKOSA,FULDEN DONANGİL ECZANESİ,42
2027-04-25,LEFKOSA,RANYA ECZANESİ,42
2027-04-25,LEFKOSA,BUSE KARŞILI ECZANESİ,42
2027-04-25,MAGUSA,KARAKOL ECZANESİ,42
2027-04-25,MAGUSA,NİLHAN SOYSAL ECZANESİ,42
2027-04-25,GIRNE,DOĞAN BAŞAK ECZANESİ,42
2027-04-25,GIRNE,SELİN ESER ECZANESİ,42
2027-04-25,GIRNE,SALİM KARABEKİR ECZANESİ,42
2027-04-25,GUZELYURT,İNCİ ECZANESİ,42
2027-04-25,LEFKE,ULUS ECZANESİ,42
2027-04-25,ISKELE,İSKELE ECZANESİ,42
2027-04-25,UST_MESARYA,YÜKSEL ECZANESİ,79
2027-04-25,ALT_MESARYA,GÜNER BİNBOĞA ECZANESİ,79
2027-04-25,KARPAZ_1,BESİM SEVİNDİK ECZANESİ,92
2027-04-25,KARPAZ_2,OLGUN KAHYAOĞLU ECZANESİ,92
2027-04-26,LEFKOSA,ALİ ERSOY ECZANESİ,42
2027-04-26,LEFKOSA,MOR SAFİR ECZANESİ,42
2027-04-26,LEFKOSA,SEYRANTEPE ECZANESİ,42
2027-04-26,MAGUSA,ASLI EREN ECZANESİ,42
2027-04-26,MAGUSA,MEHMETALİ BEYAZ ECZANESİ,42
2027-04-26,GIRNE,MELİZ 2 ECZANESİ,42
2027-04-26,GIRNE,RIZKI ECZANESİ,42
2027-04-26,GIRNE,PINAR KEKLİK ECZANESİ,42
2027-04-26,GUZELYURT,SÜREYYA ÖZCOŞKUN ECZANESİ,42
2027-04-26,LEFKE,SIDIKA UMAR ECZANESİ,42
2027-04-26,ISKELE,BUSE ULUÇAY ECZANESİ,42
2027-04-26,KARPAZ_1,KARPAZIN ECZANESİ,92
2027-04-26,KARPAZ_2,FATMA KAHYAOĞLU ECZANESİ,92
2027-04-27,LEFKOSA,DİLEM UZCAN ECZANESİ,42
2027-04-27,LEFKOSA,LA PHARMA ECZANESİ,42
2027-04-27,LEFKOSA,LEFKOŞA ECZANESİ,42
2027-04-27,MAGUSA,ÇAĞKAN AKSOY ECZANESİ,42
2027-04-27,MAGUSA,ULUÇAY ECZANESİ,42
2027-04-27,GIRNE,SOYERLER 1 ECZANESİ,42
2027-04-27,GIRNE,AŞAR ECZANESİ,42
2027-04-27,GIRNE,AYDINLİFE ALSANCAK ECZANESİ,42
2027-04-27,GUZELYURT,RESMİYE ESE ECZANESİ,42
2027-04-27,LEFKE,ALTINCI ECZANESİ,42
2027-04-27,ISKELE,ÖZBİRTAN ECZANESİ,42
2027-04-27,KARPAZ_1,ERENKÖY ECZANESİ,92
2027-04-27,KARPAZ_2,MELEK İBRAHİM ECZANESİ,92
2027-04-28,LEFKOSA,GÜLNUR ECZANESİ,43
2027-04-28,LEFKOSA,DİDEM ÖZKAYALI ECZANESİ,43
2027-04-28,LEFKOSA,LADEN AKBATUR ECZANESİ,43
2027-04-28,MAGUSA,GÜZER ECZANESİ,43
2027-04-28,MAGUSA,FUNDA ERSÖZLÜ ECZANESİ,43
2027-04-28,GIRNE,TURGAY PARALI ECZANESİ,43
2027-04-28,GIRNE,GİRNE ECZANESİ,43
2027-04-28,GIRNE,ASRIN ÜMİT ECZANESİ,43
2027-04-28,GUZELYURT,SEDEF SONAT ECZANESİ,43
2027-04-28,LEFKE,İLKSEN ECZANESİ,43
2027-04-28,ISKELE,PERTEV ZEKİ ECZANESİ,43
2027-04-28,KARPAZ_1,SAKINER ECZANESİ,92
2027-04-28,KARPAZ_2,OLGUN KAHYAOĞLU ECZANESİ,92
2027-04-29,LEFKOSA,FERİN ECZANESİ,43
2027-04-29,LEFKOSA,DİLAY KILÇIK ECZANESİ,43
2027-04-29,LEFKOSA,GÜLİZAR ÖZTEKNİK ECZANESİ,43
2027-04-29,MAGUSA,UZAY ECZANESİ,43
2027-04-29,MAGUSA,BURCU GÖKALP ECZANESİ,43
2027-04-29,GIRNE,ÖZGE ÖZÇINAR ECZANESİ,43
2027-04-29,GIRNE,KÜÇÜK ECZANESİ,43
2027-04-29,GIRNE,AYŞEN ALTAN ECZANESİ,43
2027-04-29,GUZELYURT,SERCAN AVCI ECZANESİ,43
2027-04-29,LEFKE,ŞİFA BİLDİR ECZANESİ,43
2027-04-29,ISKELE,SELİN ECZANESİ,43
2027-04-29,KARPAZ_1,BESİM SEVİNDİK ECZANESİ,92
2027-04-29,KARPAZ_2,FATMA KAHYAOĞLU ECZANESİ,92
2027-04-30,LEFKOSA,İSFENDİYAROĞLU ECZANESİ,43
2027-04-30,LEFKOSA,BAHİRE ÖZSU AKDOĞAN ECZANESİ,43
2027-04-30,LEFKOSA,SABİHA BULDUK ECZANESİ,43
2027-04-30,MAGUSA,HALİL HAMZALAR ECZANESİ,43
2027-04-30,MAGUSA,SAKARYA ECZANESİ,43
2027-04-30,GIRNE,İBRAHİM BARDAK ECZANESİ,43
2027-04-30,GIRNE,AYDIN LİFE ECZANESİ,43
2027-04-30,GIRNE,BARIŞ ECZANESİ,43
2027-04-30,GUZELYURT,PEMBE SADIKOĞLU ECZANESİ,43
2027-04-30,LEFKE,ULUS ECZANESİ,43
2027-04-30,ISKELE,SEVİLAY PIRLANTA ECZANESİ,43
2027-04-30,KARPAZ_1,KARPAZIN ECZANESİ,92
2027-04-30,KARPAZ_2,MELEK İBRAHİM ECZANESİ,92
2027-05-01,LEFKOSA,BUSE AVCI ECZANESİ,43
2027-05-01,LEFKOSA,GÜNEY ENGİNOL ECZANESİ,43
2027-05-01,LEFKOSA,AZİZ GÜZELER ECZANESİ,43
2027-05-01,MAGUSA,EMİR ECZANESİ,43
2027-05-01,MAGUSA,MEHMET ARTER ECZANESİ,43
2027-05-01,GIRNE,TÖREN ECZANESİ,43
2027-05-01,GIRNE,ALENBAY ECZANESİ,43
2027-05-01,GIRNE,PINAR KEKLİK ECZANESİ,43
2027-05-01,GUZELYURT,SEVİL ECZANESİ,43
2027-05-01,LEFKE,SIDIKA UMAR ECZANESİ,43
2027-05-01,ISKELE,MEVLÜT KAÇMAZ ECZANESİ,43
2027-05-01,UST_MESARYA,GÜLTEN VELİ ECZANESİ,79
2027-05-01,ALT_MESARYA,GÜRSOY ECZANESİ,79
2027-05-01,KARPAZ_1,ERENKÖY ECZANESİ,92/93
2027-05-01,KARPAZ_2,OLGUN KAHYAOĞLU ECZANESİ,92/93
2027-05-02,LEFKOSA,GÖNYELİ ECZANESİ,43
2027-05-02,LEFKOSA,ÇINARLI ECZANESİ,43
2027-05-02,LEFKOSA,DİLEK ECZANESİ,43
2027-05-02,MAGUSA,ASYA TEKBIYIK ECZANESİ,43
2027-05-02,MAGUSA,AYBENK ECZANESİ,43
2027-05-02,GIRNE,NESRİN HATİPOĞLU ECZANESİ,43
2027-05-02,GIRNE,AŞAR KARAOĞLANOĞLU ECZANESİ,43
2027-05-02,GIRNE,ASRIN ÜMİT ECZANESİ,43
2027-05-02,GUZELYURT,ŞİFA SİPERCİ ECZANESİ,43
2027-05-02,LEFKE,HATİCE SOYER ECZANESİ,43
2027-05-02,ISKELE,GÖKBERK ALP YAKAR ECZANESİ,43
2027-05-02,UST_MESARYA,MELİZ ECZANESİ,79
2027-05-02,ALT_MESARYA,HOCANIN ECZANESİ,79
2027-05-02,KARPAZ_1,SAKINER ECZANESİ,92/93
2027-05-02,KARPAZ_2,FATMA KAHYAOĞLU ECZANESİ,92/93
2027-05-03,LEFKOSA,GÖNÜL ECZANESİ,43
2027-05-03,LEFKOSA,YELİM ECZANESİ,43
2027-05-03,LEFKOSA,OBA 2 ECZANESİ,43
2027-05-03,MAGUSA,TANYA SALİMER ECZANESİ,43
2027-05-03,MAGUSA,HACER BALIKÇI ECZANESİ,43
2027-05-03,GIRNE,AŞAR ECZANESİ,43
2027-05-03,GIRNE,KANDİL ECZANESİ,43
2027-05-03,GIRNE,AHMET ÇAĞER ECZANESİ,43
2027-05-03,GUZELYURT,SERCAN AVCI ECZANESİ,43
2027-05-03,LEFKE,OSMAN ULUŞAN ECZANESİ,43
2027-05-03,ISKELE,SULTAN TOPEL ECZANESİ,43
2027-05-03,KARPAZ_1,BESİM SEVİNDİK ECZANESİ,92/93
2027-05-03,KARPAZ_2,MELEK İBRAHİM ECZANESİ,92/93
2027-05-04,LEFKOSA,MİEL ECZANESİ,43
2027-05-04,LEFKOSA,SÜHEYLA AŞAN ECZANESİ,43
2027-05-04,LEFKOSA,SEVGİ KIRBOĞA ECZANESİ,43
2027-05-04,MAGUSA,TURGUT KORHAN ECZANESİ,43
2027-05-04,MAGUSA,MELİKE BARBAROS ECZANESİ,43
2027-05-04,GIRNE,AYDIN LİFE ECZANESİ,43
2027-05-04,GIRNE,DOĞAN BAŞAK ECZANESİ,43
2027-05-04,GIRNE,SOYERLER ECZANESİ,43
2027-05-04,GUZELYURT,UYUMSAL ECZANESİ,43
2027-05-04,LEFKE,DİLAN PUL ECZANESİ,43
2027-05-04,ISKELE,SÜNMEZ ECZANESİ,43
2027-05-04,KARPAZ_1,KARPAZIN ECZANESİ,92/93
2027-05-04,KARPAZ_2,OLGUN KAHYAOĞLU ECZANESİ,92/93
2027-05-05,LEFKOSA,ÖZÇALIŞKAN ECZANESİ,43
2027-05-05,LEFKOSA,MALEK ECZANESİ,43
2027-05-05,LEFKOSA,İZEM ECZANESİ,43
2027-05-05,MAGUSA,HİÇKORKMAZ ECZANESİ,43
2027-05-05,MAGUSA,ZEYNEP ECZANESİ,43
2027-05-05,GIRNE,MELİS UZUN ECZANESİ,43
2027-05-05,GIRNE,SELİN ESER ECZANESİ,43
2027-05-05,GIRNE,SALİM KARABEKİR ECZANESİ,43
2027-05-05,GUZELYURT,AYCAN ECZANESİ,43
2027-05-05,LEFKE,DERVİŞ KUTRET ECZANESİ,43
2027-05-05,ISKELE,NALAN ECZANESİ,43
2027-05-05,KARPAZ_1,ERENKÖY ECZANESİ,92/93
2027-05-05,KARPAZ_2,FATMA KAHYAOĞLU ECZANESİ,92/93
2027-05-06,LEFKOSA,İMGE ECZANESİ,44
2027-05-06,LEFKOSA,DAMLA KARDÜZ ECZANESİ,44
2027-05-06,LEFKOSA,SERPİN ONAY ECZANESİ,44
2027-05-06,MAGUSA,BARIŞER ECZANESİ,44
2027-05-06,MAGUSA,MEVA ECZANESİ,44
2027-05-06,GIRNE,AYHAN ACARKAN ECZANESİ,44
2027-05-06,GIRNE,MELİZ 2 ECZANESİ,44
2027-05-06,GIRNE,NAZIM VARIŞ ECZANESİ,44
2027-05-06,GUZELYURT,AŞAR ECZANESİ,44
2027-05-06,LEFKE,İLKSEN ECZANESİ,44
2027-05-06,ISKELE,ÖZBİRTAN ECZANESİ,44
2027-05-06,UST_MESARYA,SERDARLI ECZANESİ,79
2027-05-06,ALT_MESARYA,KINAY ECZANESİ,79
2027-05-06,KARPAZ_1,SAKINER ECZANESİ,92/93
2027-05-06,KARPAZ_2,MELEK İBRAHİM ECZANESİ,92/93
2027-05-07,LEFKOSA,MERVE BİLLUR ECZANESİ,44
2027-05-07,LEFKOSA,CEMALİYE AĞAOĞLU ECZANESİ,44
2027-05-07,LEFKOSA,GÜLİSTAN ARICI ECZANESİ,44
2027-05-07,MAGUSA,HANDE BESMEL ECZANESİ,44
2027-05-07,MAGUSA,AYŞE ÖZBEYCAN ECZANESİ,44
2027-05-07,GIRNE,GÜNDAL ECZANESİ,44
2027-05-07,GIRNE,NEJLA ERÇAL ECZANESİ,44
2027-05-07,GIRNE,AYŞEN ALTAN ECZANESİ,44
2027-05-07,GUZELYURT,CAMCIOĞLU ECZANESİ,44
2027-05-07,LEFKE,ULUS ECZANESİ,44
2027-05-07,ISKELE,BUSE ULUÇAY ECZANESİ,44
2027-05-07,KARPAZ_1,BESİM SEVİNDİK ECZANESİ,92/93
2027-05-07,KARPAZ_2,OLGUN KAHYAOĞLU ECZANESİ,92/93
2027-05-08,LEFKOSA,KAPTANCAN ECZANESİ,44
2027-05-08,LEFKOSA,ŞERİFE ADEMOĞULLARI ECZANESİ,44
2027-05-08,LEFKOSA,ŞİRİN BOLKAN ECZANESİ,44
2027-05-08,MAGUSA,SÜMER ECZANESİ,44
2027-05-08,MAGUSA,PETEK ECZANESİ,44
2027-05-08,GIRNE,ŞULE YILDIZDOĞAN ECZANESİ,44
2027-05-08,GIRNE,MEHMET GAZİ KÖYLÜ ECZANESİ,44
2027-05-08,GIRNE,ZEHRA KELEBEK ECZANESİ,44
2027-05-08,GUZELYURT,DOĞUŞ TÜRKBAYOĞLU ECZANESİ,44
2027-05-08,LEFKE,ALTINCI ECZANESİ,44
2027-05-08,ISKELE,AVİCENNA ECZANESİ,44
2027-05-08,UST_MESARYA,YÜKSEL ECZANESİ,79
2027-05-08,ALT_MESARYA,KUDRET ECZANESİ,79
2027-05-08,KARPAZ_1,KARPAZIN ECZANESİ,92/93
2027-05-08,KARPAZ_2,FATMA KAHYAOĞLU ECZANESİ,92/93
2027-05-09,LEFKOSA,SEZER ECZANESİ,44
2027-05-09,LEFKOSA,MUSTAFA PEHLİVAN ECZANESİ,44
2027-05-09,LEFKOSA,NERİMAN KARATAÇ ECZANESİ,44
2027-05-09,MAGUSA,OSMANKAN ECZANESİ,44
2027-05-09,MAGUSA,BAHAR ECZANESİ,44
2027-05-09,GIRNE,İBRAHİM BARDAK ECZANESİ,44
2027-05-09,GIRNE,KARAOĞLANOĞLU ECZANESİ,44
2027-05-09,GIRNE,ŞİFALI ECZANESİ,44
2027-05-09,GUZELYURT,EMİNE ŞENTÜRK ECZANESİ,44
2027-05-09,LEFKE,ŞİFA BİLDİR ECZANESİ,44
2027-05-09,ISKELE,GÖKBERK ALP YAKAR ECZANESİ,44
2027-05-09,UST_MESARYA,ESER AVCI ECZANESİ,79
2027-05-09,ALT_MESARYA,MEHMET HOCA ECZANESİ,79
2027-05-09,KARPAZ_1,ERENKÖY ECZANESİ,92/93
2027-05-09,KARPAZ_2,MELEK İBRAHİM ECZANESİ,92/93
2027-05-10,LEFKOSA,MUSTAFA GÜRMAN ECZANESİ,44
2027-05-10,LEFKOSA,VAİZ ECZANESİ,44
2027-05-10,LEFKOSA,ÇELER ECZANESİ,44
2027-05-10,MAGUSA,İNEM MİMAR ECZANESİ,44
2027-05-10,MAGUSA,DEMET ECZANESİ,44
2027-05-10,GIRNE,MEHMET KAMİLOĞLU ECZANESİ,44
2027-05-10,GIRNE,İPEK YÖNEY ECZANESİ,44
2027-05-10,GIRNE,AYDINLİFE ALSANCAK ECZANESİ,44
2027-05-10,GUZELYURT,ERİN ECZANESİ,44
2027-05-10,LEFKE,AYŞE ALTINTUĞ ECZANESİ,44
2027-05-10,ISKELE,ERDEM SURURİ ECZANESİ,44
2027-05-10,KARPAZ_1,SAKINER ECZANESİ,92/93
2027-05-10,KARPAZ_2,OLGUN KAHYAOĞLU ECZANESİ,92/93
2027-05-11,LEFKOSA,TÜRKAN ŞENTİP ECZANESİ,44
2027-05-11,LEFKOSA,ABBASOĞLU ECZANESİ,44
2027-05-11,LEFKOSA,HAZAL REİS ECZANESİ,44
2027-05-11,MAGUSA,VEZİROĞLU ECZANESİ,44
2027-05-11,MAGUSA,EYLÜL DALKILINÇ ECZANESİ,44
2027-05-11,GIRNE,ADAŞEHİR ECZANESİ,44
2027-05-11,GIRNE,ERDOĞAN ÖZİKİZ ECZANESİ,44
2027-05-11,GIRNE,MARYAM ECZANESİ,44
2027-05-11,GUZELYURT,GİLANLI ECZANESİ,44
2027-05-11,LEFKE,SIDIKA UMAR ECZANESİ,44
2027-05-11,ISKELE,SÜNMEZ ECZANESİ,44
2027-05-11,KARPAZ_1,BESİM SEVİNDİK ECZANESİ,92/93
2027-05-11,KARPAZ_2,FATMA KAHYAOĞLU ECZANESİ,92/93
2027-05-12,LEFKOSA,ÇAĞANSOY ECZANESİ,44
2027-05-12,LEFKOSA,SÖZÜÖZ ECZANESİ,44
2027-05-12,LEFKOSA,YUSUF TANDOĞAN ECZANESİ,44
2027-05-12,MAGUSA,ZERİN VOLKAN ECZANESİ,44
2027-05-12,MAGUSA,ÖZNERGİS ECZANESİ,44
2027-05-12,GIRNE,RIZKI ECZANESİ,44
2027-05-12,GIRNE,AŞAR ECZANESİ,44
2027-05-12,GIRNE,AHMET ÇAĞER ECZANESİ,44
2027-05-12,GUZELYURT,İLKİN SADRAZAM ECZANESİ,44
2027-05-12,LEFKE,İLKSEN ECZANESİ,44
2027-05-12,ISKELE,GÖKBERK ALP YAKAR ECZANESİ,44
2027-05-12,KARPAZ_1,KARPAZIN ECZANESİ,92/93
2027-05-12,KARPAZ_2,MELEK İBRAHİM ECZANESİ,92/93
2027-05-13,LEFKOSA,HALKSEVER ECZANESİ,44
2027-05-13,LEFKOSA,DİLAY MENEKAY ECZANESİ,44
2027-05-13,LEFKOSA,SERKAN KERVAN ECZANESİ,44
2027-05-13,MAGUSA,VELİ NURLUÖZ ECZANESİ,44
2027-05-13,MAGUSA,ÖZGE KALE ECZANESİ,44
2027-05-13,GIRNE,DÜNYA ECZANESİ,44
2027-05-13,GIRNE,ORÇUN ÖZKASAP ECZANESİ,44
2027-05-13,GIRNE,SALİM KARABEKİR ECZANESİ,44
2027-05-13,GUZELYURT,İNCİ ECZANESİ,44
2027-05-13,LEFKE,ŞİFA BİLDİR ECZANESİ,44
2027-05-13,ISKELE,PERTEV ZEKİ ECZANESİ,44
2027-05-13,UST_MESARYA,GÖNÜL GÜRDAĞ ECZANESİ,79
2027-05-13,ALT_MESARYA,MEHMET TUT ECZANESİ,79
2027-05-13,KARPAZ_1,ERENKÖY ECZANESİ,93
2027-05-13,KARPAZ_2,OLGUN KAHYAOĞLU ECZANESİ,93
2027-05-14,LEFKOSA,ORTAKÖY ECZANESİ,44
2027-05-14,LEFKOSA,SUDE UZUN ECZANESİ,44
2027-05-14,LEFKOSA,NECATİBEY ECZANESİ,44
2027-05-14,MAGUSA,GİZEM KARAHASAN ECZANESİ,44
2027-05-14,MAGUSA,BUĞÇE BAYRAM ECZANESİ,44
2027-05-14,GIRNE,ILGEN ECZANESİ,44
2027-05-14,GIRNE,SHİMA ECZANESİ,44
2027-05-14,GIRNE,NAZIM VARIŞ ECZANESİ,44
2027-05-14,GUZELYURT,AŞAR ECZANESİ,44
2027-05-14,LEFKE,DİLAN PUL ECZANESİ,44
2027-05-14,ISKELE,İSKELE ECZANESİ,44
2027-05-14,KARPAZ_1,SAKINER ECZANESİ,93
2027-05-14,KARPAZ_2,FATMA KAHYAOĞLU ECZANESİ,93
2027-05-15,LEFKOSA,SERNA ECZANESİ,45
2027-05-15,LEFKOSA,EREN ECZANESİ,45
2027-05-15,LEFKOSA,NECLA EMİN ECZANESİ,45
2027-05-15,MAGUSA,KUNTER GÜVEN ECZANESİ,45
2027-05-15,MAGUSA,MEHMETALİ BEYAZ ECZANESİ,45
2027-05-15,GIRNE,MUCİZEM ECZANESİ,45
2027-05-15,GIRNE,KÜÇÜK ECZANESİ,45
2027-05-15,GIRNE,BARIŞ ECZANESİ,45
2027-05-15,GUZELYURT,PEMBE SADIKOĞLU ECZANESİ,45
2027-05-15,LEFKE,OSMAN ULUŞAN ECZANESİ,45
2027-05-15,ISKELE,BUSE ULUÇAY ECZANESİ,45
2027-05-15,UST_MESARYA,GÜLTEN VELİ ECZANESİ,79
2027-05-15,ALT_MESARYA,GÜRSOY ECZANESİ,79
2027-05-15,KARPAZ_1,BESİM SEVİNDİK ECZANESİ,93
2027-05-15,KARPAZ_2,MELEK İBRAHİM ECZANESİ,93
2027-05-16,LEFKOSA,AYŞE BIYIKOĞLU ECZANESİ,45
2027-05-16,LEFKOSA,ÇAĞLAYAN ECZANESİ,45
2027-05-16,LEFKOSA,ÖZNEM KILINÇKINI ECZANESİ,45
2027-05-16,MAGUSA,UMUT ECZANESİ,45
2027-05-16,MAGUSA,FUNDA ERSÖZLÜ ECZANESİ,45
2027-05-16,GIRNE,NURÇAĞ ECZANESİ,45
2027-05-16,GIRNE,CENGİZ SOLMAZ ECZANESİ,45
2027-05-16,GIRNE,ÖZENİR ECZANESİ,45
2027-05-16,GUZELYURT,NİLGÜN ECZANESİ,45
2027-05-16,LEFKE,ULUS ECZANESİ,45
2027-05-16,ISKELE,SEVİLAY PIRLANTA ECZANESİ,45
2027-05-16,UST_MESARYA,MELİZ ECZANESİ,79
2027-05-16,ALT_MESARYA,DÖRTYOL ECZANESİ,79
2027-05-16,KARPAZ_1,KARPAZIN ECZANESİ,93
2027-05-16,KARPAZ_2,OLGUN KAHYAOĞLU ECZANESİ,93
2027-05-17,LEFKOSA,AHMET MISIRLI ECZANESİ,45
2027-05-17,LEFKOSA,ARZUM DAVULCU ECZANESİ,45
2027-05-17,LEFKOSA,ERTUNGA ECZANESİ,45
2027-05-17,MAGUSA,ARAS ÖNCÜ ECZANESİ,45
2027-05-17,MAGUSA,HALİL HAMZALAR ECZANESİ,45
2027-05-17,GIRNE,TURGAY PARALI ECZANESİ,45
2027-05-17,GIRNE,SOYERLER 1 ECZANESİ,45
2027-05-17,GIRNE,ASRIN ÜMİT ECZANESİ,45
2027-05-17,GUZELYURT,GİLANLI ECZANESİ,45
2027-05-17,LEFKE,DERVİŞ KUTRET ECZANESİ,45
2027-05-17,ISKELE,ERDEM SURURİ ECZANESİ,45
2027-05-17,UST_MESARYA,SERDARLI ECZANESİ,79
2027-05-17,ALT_MESARYA,HOCANIN ECZANESİ,79
2027-05-17,KARPAZ_1,ERENKÖY ECZANESİ,93
2027-05-17,KARPAZ_2,FATMA KAHYAOĞLU ECZANESİ,93
2027-05-18,LEFKOSA,KERMİYA ECZANESİ,45
2027-05-18,LEFKOSA,YEŞİM ECZANESİ,45
2027-05-18,LEFKOSA,HAMİTKÖY ECZANESİ,45
2027-05-18,MAGUSA,RANA YONTAR ECZANESİ,45
2027-05-18,MAGUSA,UZAY ECZANESİ,45
2027-05-18,GIRNE,TÖREN 2 ECZANESİ,45
2027-05-18,GIRNE,AYLAND ECZANESİ,45
2027-05-18,GIRNE,AYŞEN ALTAN ECZANESİ,45
2027-05-18,GUZELYURT,İNCİ ECZANESİ,45
2027-05-18,LEFKE,ALTINCI ECZANESİ,45
2027-05-18,ISKELE,PERTEV ZEKİ ECZANESİ,45
2027-05-18,UST_MESARYA,YÜKSEL ECZANESİ,79
2027-05-18,ALT_MESARYA,BUĞRA ECZANESİ,79
2027-05-18,KARPAZ_1,SAKINER ECZANESİ,93
2027-05-18,KARPAZ_2,MELEK İBRAHİM ECZANESİ,93
2027-05-19,LEFKOSA,ALİ ERSOY ECZANESİ,45
2027-05-19,LEFKOSA,DAĞMAN ECZANESİ,45
2027-05-19,LEFKOSA,FATMA YÜRÜN ECZANESİ,45
2027-05-19,MAGUSA,GÜZER ECZANESİ,45
2027-05-19,MAGUSA,KARAKOL ECZANESİ,45
2027-05-19,GIRNE,BUĞÇE ECZANESİ,45
2027-05-19,GIRNE,SETENAY BENGİSU ECZANESİ,45
2027-05-19,GIRNE,SOYERLER ECZANESİ,45
2027-05-19,GUZELYURT,ERİN ECZANESİ,45
2027-05-19,LEFKE,DİLAN PUL ECZANESİ,45
2027-05-19,ISKELE,GÖKBERK ALP YAKAR ECZANESİ,45
2027-05-19,UST_MESARYA,GÖNÜL GÜRDAĞ ECZANESİ,79
2027-05-19,ALT_MESARYA,DOĞUŞ ACARÖZ ECZANESİ,79
2027-05-19,KARPAZ_1,BESİM SEVİNDİK ECZANESİ,93
2027-05-19,KARPAZ_2,OLGUN KAHYAOĞLU ECZANESİ,93
2027-05-20,LEFKOSA,SEV ECZANESİ,45
2027-05-20,LEFKOSA,APAYDIN ECZANESİ,45
2027-05-20,LEFKOSA,ÇİSE YILDIRIM ECZANESİ,45
2027-05-20,MAGUSA,HALKIN ECZANESİ,45
2027-05-20,MAGUSA,ASLI EREN ECZANESİ,45
2027-05-20,GIRNE,ZİYA SENCER ECZANESİ,45
2027-05-20,GIRNE,ÖMRÜM ECZANESİ,45
2027-05-20,GIRNE,PINAR KEKLİK ECZANESİ,45
2027-05-20,GUZELYURT,SÜREYYA ÖZCOŞKUN ECZANESİ,45
2027-05-20,LEFKE,HATİCE SOYER ECZANESİ,45
2027-05-20,ISKELE,SELİN ECZANESİ,45
2027-05-20,UST_MESARYA,ESER AVCI ECZANESİ,79
2027-05-20,ALT_MESARYA,SERVET GÖKŞİN ECZANESİ,79
2027-05-20,KARPAZ_1,KARPAZIN ECZANESİ,93
2027-05-20,KARPAZ_2,FATMA KAHYAOĞLU ECZANESİ,93
2027-05-21,LEFKOSA,BALIN ECZANESİ,45
2027-05-21,LEFKOSA,EMEL ATAÇAĞ ECZANESİ,45
2027-05-21,LEFKOSA,ÇAĞIN KORKMAZER ECZANESİ,45
2027-05-21,MAGUSA,ÖREN ECZANESİ,45
2027-05-21,MAGUSA,BURCU GÖKALP ECZANESİ,45
2027-05-21,GIRNE,ENVER POLİLİ ECZANESİ,45
2027-05-21,GIRNE,GÜNDAL ECZANESİ,45
2027-05-21,GIRNE,ZEHRA KELEBEK ECZANESİ,45
2027-05-21,GUZELYURT,RESMİYE ESE ECZANESİ,45
2027-05-21,LEFKE,SIDIKA UMAR ECZANESİ,45
2027-05-21,ISKELE,NALAN ECZANESİ,45
2027-05-21,KARPAZ_1,ERENKÖY ECZANESİ,93
2027-05-21,KARPAZ_2,MELEK İBRAHİM ECZANESİ,93
2027-05-22,LEFKOSA,ALPDOĞAN ECZANESİ,45
2027-05-22,LEFKOSA,CANEŞ ECZANESİ,45
2027-05-22,LEFKOSA,SONUÇ ECZANESİ,45
2027-05-22,MAGUSA,VELİ ATEŞ ECZANESİ,45
2027-05-22,MAGUSA,AYŞEM ÇİL ECZANESİ,45
2027-05-22,GIRNE,DİLARA ÖZHAMİT ECZANESİ,45
2027-05-22,GIRNE,EMİNAĞA ECZANESİ,45
2027-05-22,GIRNE,AYDINLİFE ALSANCAK ECZANESİ,45
2027-05-22,GUZELYURT,SEDEF SONAT ECZANESİ,45
2027-05-22,LEFKE,İLKSEN ECZANESİ,45
2027-05-22,ISKELE,İSKELE ECZANESİ,45
2027-05-22,UST_MESARYA,GÜLTEN VELİ ECZANESİ,79
2027-05-22,ALT_MESARYA,GÜNER BİNBOĞA ECZANESİ,79
2027-05-22,KARPAZ_1,SAKINER ECZANESİ,94
2027-05-22,KARPAZ_2,OLGUN KAHYAOĞLU ECZANESİ,94
2027-05-23,LEFKOSA,ORHAN BERKE ECZANESİ,45
2027-05-23,LEFKOSA,ZEHRA ECZANESİ,45
2027-05-23,LEFKOSA,YENİŞEHİR ECZANESİ,45
2027-05-23,MAGUSA,ÇİSEM ECZANESİ,45
2027-05-23,MAGUSA,MISRA ÖZBAY ECZANESİ,45
2027-05-23,GIRNE,MELİSA İŞİMTEKİN ECZANESİ,45
2027-05-23,GIRNE,EDA ATAÇAĞ ECZANESİ,45
2027-05-23,GIRNE,AHMET ÇAĞER ECZANESİ,45
2027-05-23,GUZELYURT,SERCAN AVCI ECZANESİ,45
2027-05-23,LEFKE,ŞİFA BİLDİR ECZANESİ,45
2027-05-23,ISKELE,MEVLÜT KAÇMAZ ECZANESİ,45
2027-05-23,UST_MESARYA,MELİZ ECZANESİ,79
2027-05-23,ALT_MESARYA,PHARGAMOS ECZANESİ,79
2027-05-23,KARPAZ_1,BESİM SEVİNDİK ECZANESİ,94
2027-05-23,KARPAZ_2,FATMA KAHYAOĞLU ECZANESİ,94
2027-05-24,LEFKOSA,KEZİBAN TİLKİ ECZANESİ,46
2027-05-24,LEFKOSA,NERGİS ECZANESİ,46
2027-05-24,LEFKOSA,BEHAYİ YILMABAŞAR ECZANESİ,46
2027-05-24,MAGUSA,İÇTEN ECZANESİ,46
2027-05-24,MAGUSA,EMİR ECZANESİ,46
2027-05-24,GIRNE,POSTACIOĞLU ECZANESİ,46
2027-05-24,GIRNE,TÖRENSEL ECZANESİ,46
2027-05-24,GIRNE,ŞİFALI ECZANESİ,46
2027-05-24,GUZELYURT,SEVİL ECZANESİ,46
2027-05-24,LEFKE,AYŞE ALTINTUĞ ECZANESİ,46
2027-05-24,ISKELE,AVİCENNA ECZANESİ,46
2027-05-24,KARPAZ_1,KARPAZIN ECZANESİ,94
2027-05-24,KARPAZ_2,MELEK İBRAHİM ECZANESİ,94
2027-05-25,LEFKOSA,LAİKA GÖKÇEKUŞ ECZANESİ,46
2027-05-25,LEFKOSA,BERKE SEMERCİ ECZANESİ,46
2027-05-25,LEFKOSA,ADAHAN ECZANESİ,46
2027-05-25,MAGUSA,ÇİSE SEZEREL ECZANESİ,46
2027-05-25,MAGUSA,GÖKÇEN İLKTAÇ ECZANESİ,46
2027-05-25,GIRNE,DOĞAN BAŞAK ECZANESİ,46
2027-05-25,GIRNE,RIZKI ECZANESİ,46
2027-05-25,GIRNE,BARIŞ ECZANESİ,46
2027-05-25,GUZELYURT,ŞİFA SİPERCİ ECZANESİ,46
2027-05-25,LEFKE,OSMAN ULUŞAN ECZANESİ,46
2027-05-25,ISKELE,ÖZBİRTAN ECZANESİ,46
2027-05-25,KARPAZ_1,ERENKÖY ECZANESİ,94
2027-05-25,KARPAZ_2,OLGUN KAHYAOĞLU ECZANESİ,94
2027-05-26,LEFKOSA,UMUT ÖKSÜZ ECZANESİ,46
2027-05-26,LEFKOSA,EBRU BAŞAY ECZANESİ,46
2027-05-26,LEFKOSA,YENİKENT ECZANESİ,46
2027-05-26,MAGUSA,ADA ECZANESİ,46
2027-05-26,MAGUSA,FAYDALI ECZANESİ,46
2027-05-26,GIRNE,RIZKI 2 ECZANESİ,46
2027-05-26,GIRNE,ADAŞEHİR ECZANESİ,46
2027-05-26,GIRNE,ÖZENİR ECZANESİ,46
2027-05-26,GUZELYURT,UYUMSAL ECZANESİ,46
2027-05-26,LEFKE,ULUS ECZANESİ,46
2027-05-26,ISKELE,SÜNMEZ ECZANESİ,46
2027-05-26,KARPAZ_1,SAKINER ECZANESİ,94
2027-05-26,KARPAZ_2,FATMA KAHYAOĞLU ECZANESİ,94
2027-05-27,LEFKOSA,SEVGİ KARABEKİR ECZANESİ,46
2027-05-27,LEFKOSA,DEREBOYU ECZANESİ,46
2027-05-27,LEFKOSA,BİLGE TÜRKSEVEN ECZANESİ,46
2027-05-27,MAGUSA,LARNAKA YOLU ECZANESİ,46
2027-05-27,MAGUSA,SÜAY SEVİNÇ ECZANESİ,46
2027-05-27,GIRNE,GİRNE ECZANESİ,46
2027-05-27,GIRNE,ARDA ÇELİK ECZANESİ,46
2027-05-27,GIRNE,AYŞEN ALTAN ECZANESİ,46
2027-05-27,GUZELYURT,PEMBE SADIKOĞLU ECZANESİ,46
2027-05-27,LEFKE,ALTINCI ECZANESİ,46
2027-05-27,ISKELE,SEVİLAY PIRLANTA ECZANESİ,46
2027-05-27,UST_MESARYA,SERDARLI ECZANESİ,80
2027-05-27,ALT_MESARYA,VADİLİ ECZANESİ,80
2027-05-27,KARPAZ_1,BESİM SEVİNDİK ECZANESİ,94
2027-05-27,KARPAZ_2,MELEK İBRAHİM ECZANESİ,94
2027-05-28,LEFKOSA,SEVCAN ECZANESİ,46
2027-05-28,LEFKOSA,AKDORA ECZANESİ,46
2027-05-28,LEFKOSA,DİMAY KAĞCAN ECZANESİ,46
2027-05-28,MAGUSA,ERGİN ECZANESİ,46
2027-05-28,MAGUSA,REZAN ECZANESİ,46
2027-05-28,GIRNE,ILGEN ECZANESİ,46
2027-05-28,GIRNE,ORÇUN ÖZKASAP ECZANESİ,46
2027-05-28,GIRNE,ASRIN ÜMİT ECZANESİ,46
2027-05-28,GUZELYURT,NİLGÜN ECZANESİ,46
2027-05-28,LEFKE,HATİCE SOYER ECZANESİ,46
2027-05-28,ISKELE,SELİN ECZANESİ,46
2027-05-28,KARPAZ_1,KARPAZIN ECZANESİ,94
2027-05-28,KARPAZ_2,OLGUN KAHYAOĞLU ECZANESİ,94
2027-05-29,LEFKOSA,DENİZ ÇORBA ECZANESİ,46
2027-05-29,LEFKOSA,DİLAY KILÇIK ECZANESİ,46
2027-05-29,LEFKOSA,LEFKOŞA ECZANESİ,46
2027-05-29,MAGUSA,HACER BALIKÇI ECZANESİ,46
2027-05-29,MAGUSA,TURGUT KORHAN ECZANESİ,46
2027-05-29,GIRNE,SEVİN ÇAĞAY ECZANESİ,46
2027-05-29,GIRNE,SHİMA ECZANESİ,46
2027-05-29,GIRNE,SALİM KARABEKİR ECZANESİ,46
2027-05-29,GUZELYURT,AYCAN ECZANESİ,46
2027-05-29,LEFKE,AYŞE ALTINTUĞ ECZANESİ,46
2027-05-29,ISKELE,ERDEM SURURİ ECZANESİ,46
2027-05-29,UST_MESARYA,YÜKSEL ECZANESİ,80
2027-05-29,ALT_MESARYA,KINAY ECZANESİ,80
2027-05-29,KARPAZ_1,ERENKÖY ECZANESİ,94
2027-05-29,KARPAZ_2,FATMA KAHYAOĞLU ECZANESİ,94
2027-05-30,LEFKOSA,ÖZVOL ECZANESİ,46
2027-05-30,LEFKOSA,YONCA HATİPOĞLU ECZANESİ,46
2027-05-30,LEFKOSA,ARASTA ECZANESİ,46
2027-05-30,MAGUSA,ERTUĞ EMİN ECZANESİ,46
2027-05-30,MAGUSA,KAĞAN KANDEMİR ECZANESİ,46
2027-05-30,GIRNE,ÖZGE ÖZÇINAR ECZANESİ,46
2027-05-30,GIRNE,GÜNAY VARIŞ ECZANESİ,46
2027-05-30,GIRNE,MARYAM ECZANESİ,46
2027-05-30,GUZELYURT,CAMCIOĞLU ECZANESİ,46
2027-05-30,LEFKE,DERVİŞ KUTRET ECZANESİ,46
2027-05-30,ISKELE,NALAN ECZANESİ,46
2027-05-30,UST_MESARYA,ESER AVCI ECZANESİ,80
2027-05-30,ALT_MESARYA,KUDRET ECZANESİ,80
2027-05-30,KARPAZ_1,SAKINER ECZANESİ,94
2027-05-30,KARPAZ_2,MELEK İBRAHİM ECZANESİ,94
2027-05-31,LEFKOSA,ÜLKER POZAN ECZANESİ,46
2027-05-31,LEFKOSA,MOR SAFİR ECZANESİ,46
2027-05-31,LEFKOSA,TULİS ECZANESİ,46
2027-05-31,MAGUSA,SERHAT BAYBORA ECZANESİ,46
2027-05-31,MAGUSA,ECE ECZANESİ,46
2027-05-31,GIRNE,DÜNYA ECZANESİ,46
2027-05-31,GIRNE,NEJLA ERÇAL ECZANESİ,46
2027-05-31,GIRNE,ZEHRA KELEBEK ECZANESİ,46
2027-05-31,GUZELYURT,DOĞUŞ TÜRKBAYOĞLU ECZANESİ,46
2027-05-31,LEFKE,SIDIKA UMAR ECZANESİ,46
2027-05-31,ISKELE,SULTAN TOPEL ECZANESİ,46
2027-05-31,KARPAZ_1,BESİM SEVİNDİK ECZANESİ,94
2027-05-31,KARPAZ_2,OLGUN KAHYAOĞLU ECZANESİ,94
2027-06-01,LEFKOSA,EMİNE KESKİN ECZANESİ,47
2027-06-01,LEFKOSA,ARDA ULUPINAR ECZANESİ,47
2027-06-01,LEFKOSA,PERVİN ECZANESİ,47
2027-06-01,MAGUSA,SEMAHAT ATAYOL ECZANESİ,47
2027-06-01,MAGUSA,ZEYNEP ECZANESİ,47
2027-06-01,GIRNE,BUĞÇE ECZANESİ,47
2027-06-01,GIRNE,KÜÇÜK ECZANESİ,47
2027-06-01,GIRNE,ŞİFALI ECZANESİ,47
2027-06-01,GUZELYURT,EMİNE ŞENTÜRK ECZANESİ,47
2027-06-01,LEFKE,DİLAN PUL ECZANESİ,47
2027-06-01,ISKELE,İSKELE ECZANESİ,47
2027-06-01,KARPAZ_1,KARPAZIN ECZANESİ,94
2027-06-01,KARPAZ_2,FATMA KAHYAOĞLU ECZANESİ,94
2027-06-02,LEFKOSA,BAHAR NURLUÖZ ECZANESİ,47
2027-06-02,LEFKOSA,HÜSEYİN SAKALLI ECZANESİ,47
2027-06-02,LEFKOSA,HARİKA OTAĞ ECZANESİ,47
2027-06-02,MAGUSA,NADİRE GÖKALP ECZANESİ,47
2027-06-02,MAGUSA,DEMET ECZANESİ,47
2027-06-02,GIRNE,MUCİZEM ECZANESİ,47
2027-06-02,GIRNE,TURGAY PARALI ECZANESİ,47
2027-06-02,GIRNE,NAZIM VARIŞ ECZANESİ,47
2027-06-02,GUZELYURT,ERİN ECZANESİ,47
2027-06-02,LEFKE,ŞİFA BİLDİR ECZANESİ,47
2027-06-02,ISKELE,MEVLÜT KAÇMAZ ECZANESİ,47
2027-06-02,KARPAZ_1,ERENKÖY ECZANESİ,94
2027-06-02,KARPAZ_2,MELEK İBRAHİM ECZANESİ,94
2027-06-03,LEFKOSA,GÜLNUR ECZANESİ,47
2027-06-03,LEFKOSA,CEVHER ECZANESİ,47
2027-06-03,LEFKOSA,GALEN ECZANESİ,47
2027-06-03,MAGUSA,TANYA SALİMER ECZANESİ,47
2027-06-03,MAGUSA,VEZİROĞLU ECZANESİ,47
2027-06-03,GIRNE,POSTACIOĞLU ECZANESİ,47
2027-06-03,GIRNE,ENVER POLİLİ ECZANESİ,47
2027-06-03,GIRNE,BARIŞ ECZANESİ,47
2027-06-03,GUZELYURT,GİLANLI ECZANESİ,47
2027-06-03,LEFKE,AYŞE ALTINTUĞ ECZANESİ,47
2027-06-03,ISKELE,NALAN ECZANESİ,47
2027-06-03,UST_MESARYA,GÖNÜL GÜRDAĞ ECZANESİ,80
2027-06-03,ALT_MESARYA,MEHMET HOCA ECZANESİ,80
2027-06-03,KARPAZ_1,SAKINER ECZANESİ,94
2027-06-03,KARPAZ_2,OLGUN KAHYAOĞLU ECZANESİ,94
2027-06-04,LEFKOSA,FATMA AŞİNA ECZANESİ,47
2027-06-04,LEFKOSA,İSMET ECZANESİ,47
2027-06-04,LEFKOSA,SAFİYE ÇAĞANSEL ECZANESİ,47
2027-06-04,MAGUSA,ODUNCUOĞLU ECZANESİ,47
2027-06-04,MAGUSA,MELİKE DEMİRSÖZ ECZANESİ,47
2027-06-04,GIRNE,ALENBAY ECZANESİ,47
2027-06-04,GIRNE,EDA ATAÇAĞ ECZANESİ,47
2027-06-04,GIRNE,AHMET ÇAĞER ECZANESİ,47
2027-06-04,GUZELYURT,İLKİN SADRAZAM ECZANESİ,47
2027-06-04,LEFKE,OSMAN ULUŞAN ECZANESİ,47
2027-06-04,ISKELE,SULTAN TOPEL ECZANESİ,47
2027-06-04,KARPAZ_1,BESİM SEVİNDİK ECZANESİ,94
2027-06-04,KARPAZ_2,FATMA KAHYAOĞLU ECZANESİ,94
2027-06-05,LEFKOSA,ÖZÇALIŞKAN ECZANESİ,47
2027-06-05,LEFKOSA,ERSAĞ ECZANESİ,47
2027-06-05,LEFKOSA,OBA 2 ECZANESİ,47
2027-06-05,MAGUSA,AYŞE ÖZBEYCAN ECZANESİ,47
2027-06-05,MAGUSA,EYLÜL DALKILINÇ ECZANESİ,47
2027-06-05,GIRNE,ILGEN ECZANESİ,47
2027-06-05,GIRNE,RIZKI ECZANESİ,47
2027-06-05,GIRNE,SOYERLER ECZANESİ,47
2027-06-05,GUZELYURT,İNCİ ECZANESİ,47
2027-06-05,LEFKE,ULUS ECZANESİ,47
2027-06-05,ISKELE,GÖKBERK ALP YAKAR ECZANESİ,47
2027-06-05,UST_MESARYA,GÜLTEN VELİ ECZANESİ,80
2027-06-05,ALT_MESARYA,MEHMET TUT ECZANESİ,80
2027-06-05,KARPAZ_1,KARPAZIN ECZANESİ,94
2027-06-05,KARPAZ_2,MELEK İBRAHİM ECZANESİ,94
2027-06-06,LEFKOSA,MUSTAFA GÜRMAN ECZANESİ,47
2027-06-06,LEFKOSA,MALEK ECZANESİ,47
2027-06-06,LEFKOSA,SEVGİ KIRBOĞA ECZANESİ,47
2027-06-06,MAGUSA,MELİKE BARBAROS ECZANESİ,47
2027-06-06,MAGUSA,İNEM MİMAR ECZANESİ,47
2027-06-06,GIRNE,KANDİL ECZANESİ,47
2027-06-06,GIRNE,GÜNDAL ECZANESİ,47
2027-06-06,GIRNE,PINAR KEKLİK ECZANESİ,47
2027-06-06,GUZELYURT,NİLGÜN ECZANESİ,47
2027-06-06,LEFKE,İLKSEN ECZANESİ,47
2027-06-06,ISKELE,ÖZBİRTAN ECZANESİ,47
2027-06-06,UST_MESARYA,SERDARLI ECZANESİ,80
2027-06-06,ALT_MESARYA,PHARGAMOS ECZANESİ,80
2027-06-06,KARPAZ_1,ERENKÖY ECZANESİ,94
2027-06-06,KARPAZ_2,OLGUN KAHYAOĞLU ECZANESİ,94
2027-06-07,LEFKOSA,FERİN ECZANESİ,47
2027-06-07,LEFKOSA,SEVAL KAYMAK ECZANESİ,47
2027-06-07,LEFKOSA,PAPATYAM ECZANESİ,47
2027-06-07,MAGUSA,BARIŞER ECZANESİ,47
2027-06-07,MAGUSA,KUNTER GÜVEN ECZANESİ,47
2027-06-07,GIRNE,ARDA ÇELİK ECZANESİ,47
2027-06-07,GIRNE,AYHAN ACARKAN ECZANESİ,47
2027-06-07,GIRNE,AYDINLİFE ALSANCAK ECZANESİ,47
2027-06-07,GUZELYURT,PEMBE SADIKOĞLU ECZANESİ,47
2027-06-07,LEFKE,ALTINCI ECZANESİ,47
2027-06-07,ISKELE,SEVİLAY PIRLANTA ECZANESİ,47
2027-06-07,KARPAZ_1,SAKINER ECZANESİ,94
2027-06-07,KARPAZ_2,FATMA KAHYAOĞLU ECZANESİ,94
2027-06-08,LEFKOSA,ATAER ECZANESİ,47
2027-06-08,LEFKOSA,CEMİLE FIRINCIOĞLULARI ECZANESİ,47
2027-06-08,LEFKOSA,AKDENİZ ECZANESİ,47
2027-06-08,MAGUSA,NASİM ECZANESİ,47
2027-06-08,MAGUSA,MEHMET ARTER ECZANESİ,47
2027-06-08,GIRNE,ÖMRÜM ECZANESİ,47
2027-06-08,GIRNE,SETENAY BENGİSU ECZANESİ,47
2027-06-08,GIRNE,ÖZENİR ECZANESİ,47
2027-06-08,GUZELYURT,RESMİYE ESE ECZANESİ,47
2027-06-08,LEFKE,HATİCE SOYER ECZANESİ,47
2027-06-08,ISKELE,ERDEM SURURİ ECZANESİ,47
2027-06-08,KARPAZ_1,BESİM SEVİNDİK ECZANESİ,94
2027-06-08,KARPAZ_2,MELEK İBRAHİM ECZANESİ,94
2027-06-09,LEFKOSA,OBA ECZANESİ,47
2027-06-09,LEFKOSA,CEMRE ECZANESİ,47
2027-06-09,LEFKOSA,GÜLİZAR ÖZTEKNİK ECZANESİ,47
2027-06-09,MAGUSA,NİLHAN SOYSAL ECZANESİ,47
2027-06-09,MAGUSA,VELİ NURLUÖZ ECZANESİ,47
2027-06-09,GIRNE,NESRİN HATİPOĞLU ECZANESİ,47
2027-06-09,GIRNE,CENGİZ SOLMAZ ECZANESİ,47
2027-06-09,GIRNE,SALİM KARABEKİR ECZANESİ,47
2027-06-09,GUZELYURT,SEDEF SONAT ECZANESİ,47
2027-06-09,LEFKE,DİLAN PUL ECZANESİ,47
2027-06-09,ISKELE,BUSE ULUÇAY ECZANESİ,47
2027-06-09,KARPAZ_1,KARPAZIN ECZANESİ,94
2027-06-09,KARPAZ_2,OLGUN KAHYAOĞLU ECZANESİ,94
2027-06-10,LEFKOSA,CEMALİYE AĞAOĞLU ECZANESİ,48
2027-06-10,LEFKOSA,MİEL ECZANESİ,48
2027-06-10,LEFKOSA,YUSUF TANDOĞAN ECZANESİ,48
2027-06-10,MAGUSA,SAKARYA ECZANESİ,48
2027-06-10,MAGUSA,BURCU GÖKALP ECZANESİ,48
2027-06-10,GIRNE,MELİS UZUN ECZANESİ,48
2027-06-10,GIRNE,RIZKI 2 ECZANESİ,48
2027-06-10,GIRNE,MARYAM ECZANESİ,48
2027-06-10,GUZELYURT,AYCAN ECZANESİ,48
2027-06-10,LEFKE,DERVİŞ KUTRET ECZANESİ,48
2027-06-10,ISKELE,SÜNMEZ ECZANESİ,48
2027-06-10,UST_MESARYA,MELİZ ECZANESİ,80
2027-06-10,ALT_MESARYA,SERVET GÖKŞİN ECZANESİ,80
2027-06-10,KARPAZ_1,ERENKÖY ECZANESİ,94
2027-06-10,KARPAZ_2,FATMA KAHYAOĞLU ECZANESİ,94
2027-06-11,LEFKOSA,İNCİRLİ ECZANESİ,48
2027-06-11,LEFKOSA,RANYA ECZANESİ,48
2027-06-11,LEFKOSA,LADEN AKBATUR ECZANESİ,48
2027-06-11,MAGUSA,BAHAR ECZANESİ,48
2027-06-11,MAGUSA,ARAS ÖNCÜ ECZANESİ,48
2027-06-11,GIRNE,TÖREN 2 ECZANESİ,48
2027-06-11,GIRNE,ORÇUN ÖZKASAP ECZANESİ,48
2027-06-11,GIRNE,ZEHRA KELEBEK ECZANESİ,48
2027-06-11,GUZELYURT,SEVİL ECZANESİ,48
2027-06-11,LEFKE,SIDIKA UMAR ECZANESİ,48
2027-06-11,ISKELE,SELİN ECZANESİ,48
2027-06-11,KARPAZ_1,SAKINER ECZANESİ,95
2027-06-11,KARPAZ_2,MELEK İBRAHİM ECZANESİ,95
2027-06-12,LEFKOSA,TÜRKAN ŞENTİP ECZANESİ,48
2027-06-12,LEFKOSA,KIZILBAŞ ECZANESİ,48
2027-06-12,LEFKOSA,NECATİBEY ECZANESİ,48
2027-06-12,MAGUSA,HANDE BESMEL ECZANESİ,48
2027-06-12,MAGUSA,HİÇKORKMAZ ECZANESİ,48
2027-06-12,GIRNE,SELİN ESER ECZANESİ,48
2027-06-12,GIRNE,DİLARA ÖZHAMİT ECZANESİ,48
2027-06-12,GIRNE,ASRIN ÜMİT ECZANESİ,48
2027-06-12,GUZELYURT,ŞİFA SİPERCİ ECZANESİ,48
2027-06-12,LEFKE,ŞİFA BİLDİR ECZANESİ,48
2027-06-12,ISKELE,ERDEM SURURİ ECZANESİ,48
2027-06-12,UST_MESARYA,YÜKSEL ECZANESİ,80
2027-06-12,ALT_MESARYA,VADİLİ ECZANESİ,80
2027-06-12,KARPAZ_1,BESİM SEVİNDİK ECZANESİ,95
2027-06-12,KARPAZ_2,OLGUN KAHYAOĞLU ECZANESİ,95
2027-06-13,LEFKOSA,ÇAĞANSOY ECZANESİ,48
2027-06-13,LEFKOSA,SUDE UZUN ECZANESİ,48
2027-06-13,LEFKOSA,NELİN ECZANESİ,48
2027-06-13,MAGUSA,ULUÇAY ECZANESİ,48
2027-06-13,MAGUSA,GİZEM KARAHASAN ECZANESİ,48
2027-06-13,GIRNE,MEHMET KAMİLOĞLU ECZANESİ,48
2027-06-13,GIRNE,ERDOĞAN ÖZİKİZ ECZANESİ,48
2027-06-13,GIRNE,BARIŞ ECZANESİ,48
2027-06-13,GUZELYURT,UYUMSAL ECZANESİ,48
2027-06-13,LEFKE,AYŞE ALTINTUĞ ECZANESİ,48
2027-06-13,ISKELE,PERTEV ZEKİ ECZANESİ,48
2027-06-13,UST_MESARYA,ESER AVCI ECZANESİ,80
2027-06-13,ALT_MESARYA,BUĞRA ECZANESİ,80
2027-06-13,KARPAZ_1,KARPAZIN ECZANESİ,95
2027-06-13,KARPAZ_2,FATMA KAHYAOĞLU ECZANESİ,95
2027-06-14,LEFKOSA,IŞIK KEREM ECZANESİ,48
2027-06-14,LEFKOSA,BUSE AVCI ECZANESİ,48
2027-06-14,LEFKOSA,LA PHARMA ECZANESİ,48
2027-06-14,MAGUSA,ASYA TEKBIYIK ECZANESİ,48
2027-06-14,MAGUSA,PETEK ECZANESİ,48
2027-06-14,GIRNE,GÜNAY VARIŞ ECZANESİ,48
2027-06-14,GIRNE,İBRAHİM BARDAK ECZANESİ,48
2027-06-14,GIRNE,AYŞEN ALTAN ECZANESİ,48
2027-06-14,GUZELYURT,SÜREYYA ÖZCOŞKUN ECZANESİ,48
2027-06-14,LEFKE,OSMAN ULUŞAN ECZANESİ,48
2027-06-14,ISKELE,MEHMET İLBAN ECZANESİ,48
2027-06-14,KARPAZ_1,ERENKÖY ECZANESİ,95
2027-06-14,KARPAZ_2,MELEK İBRAHİM ECZANESİ,95
2027-06-15,LEFKOSA,AZİZ GÜZELER ECZANESİ,48
2027-06-15,LEFKOSA,TUNA ECZANESİ,48
2027-06-15,LEFKOSA,İZEM ECZANESİ,48
2027-06-15,MAGUSA,AYBENK ECZANESİ,48
2027-06-15,MAGUSA,ZERİN VOLKAN ECZANESİ,48
2027-06-15,GIRNE,EMİNAĞA ECZANESİ,48
2027-06-15,GIRNE,SHİMA ECZANESİ,48
2027-06-15,GIRNE,AHMET ÇAĞER ECZANESİ,48
2027-06-15,GUZELYURT,AŞAR ECZANESİ,48
2027-06-15,LEFKE,ALTINCI ECZANESİ,48
2027-06-15,ISKELE,MEVLÜT KAÇMAZ ECZANESİ,48
2027-06-15,KARPAZ_1,SAKINER ECZANESİ,95
2027-06-15,KARPAZ_2,OLGUN KAHYAOĞLU ECZANESİ,95
2027-06-16,LEFKOSA,ÇAĞRI CANDANAL ECZANESİ,48
2027-06-16,LEFKOSA,FULDEN DONANGİL ECZANESİ,48
2027-06-16,LEFKOSA,SEYRANTEPE ECZANESİ,48
2027-06-16,MAGUSA,MISRA ÖZBAY ECZANESİ,48
2027-06-16,MAGUSA,OSMANKAN ECZANESİ,48
2027-06-16,GIRNE,ZİYA SENCER ECZANESİ,48
2027-06-16,GIRNE,MEHMET GAZİ KÖYLÜ ECZANESİ,48
2027-06-16,GIRNE,ŞİFALI ECZANESİ,48
2027-06-16,GUZELYURT,AYCAN ECZANESİ,48
2027-06-16,LEFKE,İLKSEN ECZANESİ,48
2027-06-16,ISKELE,NALAN ECZANESİ,48
2027-06-16,KARPAZ_1,BESİM SEVİNDİK ECZANESİ,95
2027-06-16,KARPAZ_2,FATMA KAHYAOĞLU ECZANESİ,95
2027-06-17,LEFKOSA,ORTAKÖY ECZANESİ,48
2027-06-17,LEFKOSA,GÜLİSTAN ARICI ECZANESİ,48
2027-06-17,LEFKOSA,ABBASOĞLU ECZANESİ,48
2027-06-17,MAGUSA,ÖZNERGİS ECZANESİ,48
2027-06-17,MAGUSA,ÇAĞKAN AKSOY ECZANESİ,48
2027-06-17,GIRNE,ADAŞEHİR ECZANESİ,48
2027-06-17,GIRNE,AŞAR KARAOĞLANOĞLU ECZANESİ,48
2027-06-17,GIRNE,AYDINLİFE ALSANCAK ECZANESİ,48
2027-06-17,GUZELYURT,DOĞUŞ TÜRKBAYOĞLU ECZANESİ,48
2027-06-17,LEFKE,ULUS ECZANESİ,48
2027-06-17,ISKELE,AVİCENNA ECZANESİ,48
2027-06-17,UST_MESARYA,GÖNÜL GÜRDAĞ ECZANESİ,80
2027-06-17,ALT_MESARYA,DOĞUŞ ACARÖZ ECZANESİ,80
2027-06-17,KARPAZ_1,KARPAZIN ECZANESİ,95
2027-06-17,KARPAZ_2,MELEK İBRAHİM ECZANESİ,95
2027-06-18,LEFKOSA,DİLEM UZCAN ECZANESİ,49
2027-06-18,LEFKOSA,NİLCAN YAVUZCAN ECZANESİ,49
2027-06-18,LEFKOSA,SERPİN ONAY ECZANESİ,49
2027-06-18,MAGUSA,BUĞÇE BAYRAM ECZANESİ,49
2027-06-18,MAGUSA,FUNDA ERSÖZLÜ ECZANESİ,49
2027-06-18,GIRNE,MELİSA İŞİMTEKİN ECZANESİ,49
2027-06-18,GIRNE,SEVİN ÇAĞAY ECZANESİ,49
2027-06-18,GIRNE,PINAR KEKLİK ECZANESİ,49
2027-06-18,GUZELYURT,CAMCIOĞLU ECZANESİ,49
2027-06-18,LEFKE,HATİCE SOYER ECZANESİ,49
2027-06-18,ISKELE,İSKELE ECZANESİ,49
2027-06-18,KARPAZ_1,ERENKÖY ECZANESİ,95
2027-06-18,KARPAZ_2,OLGUN KAHYAOĞLU ECZANESİ,95
2027-06-19,LEFKOSA,MERVE BİLLUR ECZANESİ,49
2027-06-19,LEFKOSA,SÖZÜÖZ ECZANESİ,49
2027-06-19,LEFKOSA,YELİM ECZANESİ,49
2027-06-19,MAGUSA,REZAN ECZANESİ,49
2027-06-19,MAGUSA,ÇİSE SEZEREL ECZANESİ,49
2027-06-19,GIRNE,DOĞAN BAŞAK ECZANESİ,49
2027-06-19,GIRNE,TÖRENSEL ECZANESİ,49
2027-06-19,GIRNE,ÖZENİR ECZANESİ,49
2027-06-19,GUZELYURT,EMİNE ŞENTÜRK ECZANESİ,49
2027-06-19,LEFKE,DERVİŞ KUTRET ECZANESİ,49
2027-06-19,ISKELE,SÜNMEZ ECZANESİ,49
2027-06-19,UST_MESARYA,SERDARLI ECZANESİ,80
2027-06-19,ALT_MESARYA,DÖRTYOL ECZANESİ,80
2027-06-19,KARPAZ_1,SAKINER ECZANESİ,95
2027-06-19,KARPAZ_2,FATMA KAHYAOĞLU ECZANESİ,95
2027-06-20,LEFKOSA,BALIN ECZANESİ,49
2027-06-20,LEFKOSA,VAİZ ECZANESİ,49
2027-06-20,LEFKOSA,İSFENDİYAROĞLU ECZANESİ,49
2027-06-20,MAGUSA,ÖREN ECZANESİ,49
2027-06-20,MAGUSA,ECE ECZANESİ,49
2027-06-20,GIRNE,MELİZ 2 ECZANESİ,49
2027-06-20,GIRNE,İPEK YÖNEY ECZANESİ,49
2027-06-20,GIRNE,ZEHRA KELEBEK ECZANESİ,49
2027-06-20,GUZELYURT,GİLANLI ECZANESİ,49
2027-06-20,LEFKE,SIDIKA UMAR ECZANESİ,49
2027-06-20,ISKELE,SELİN ECZANESİ,49
2027-06-20,UST_MESARYA,MELİZ ECZANESİ,80
2027-06-20,ALT_MESARYA,GÜNER BİNBOĞA ECZANESİ,80
2027-06-20,KARPAZ_1,BESİM SEVİNDİK ECZANESİ,95
2027-06-20,KARPAZ_2,MELEK İBRAHİM ECZANESİ,95
2027-06-21,LEFKOSA,BUSE KARŞILI ECZANESİ,49
2027-06-21,LEFKOSA,GÜNEY ENGİNOL ECZANESİ,49
2027-06-21,LEFKOSA,ŞERİFE ADEMOĞULLARI ECZANESİ,49
2027-06-21,MAGUSA,MEVA ECZANESİ,49
2027-06-21,MAGUSA,SÜMER ECZANESİ,49
2027-06-21,GIRNE,ARDA ÇELİK ECZANESİ,49
2027-06-21,GIRNE,TÖREN ECZANESİ,49
2027-06-21,GIRNE,NAZIM VARIŞ ECZANESİ,49
2027-06-21,GUZELYURT,ERİN ECZANESİ,49
2027-06-21,LEFKE,DİLAN PUL ECZANESİ,49
2027-06-21,ISKELE,ÖZBİRTAN ECZANESİ,49
2027-06-21,KARPAZ_1,KARPAZIN ECZANESİ,95
2027-06-21,KARPAZ_2,OLGUN KAHYAOĞLU ECZANESİ,95
2027-06-22,LEFKOSA,KAPTANCAN ECZANESİ,49
2027-06-22,LEFKOSA,SABİHA BULDUK ECZANESİ,49
2027-06-22,LEFKOSA,NERİMAN KARATAÇ ECZANESİ,49
2027-06-22,MAGUSA,UMUT ECZANESİ,49
2027-06-22,MAGUSA,MEHMETALİ BEYAZ ECZANESİ,49
2027-06-22,GIRNE,DÜNYA ECZANESİ,49
2027-06-22,GIRNE,KARAOĞLANOĞLU ECZANESİ,49
2027-06-22,GIRNE,SOYERLER ECZANESİ,49
2027-06-22,GUZELYURT,UYUMSAL ECZANESİ,49
2027-06-22,LEFKE,ŞİFA BİLDİR ECZANESİ,49
2027-06-22,ISKELE,PERTEV ZEKİ ECZANESİ,49
2027-06-22,KARPAZ_1,ERENKÖY ECZANESİ,95
2027-06-22,KARPAZ_2,FATMA KAHYAOĞLU ECZANESİ,95
2027-06-23,LEFKOSA,SERNA ECZANESİ,49
2027-06-23,LEFKOSA,İMGE ECZANESİ,49
2027-06-23,LEFKOSA,ŞİRİN BOLKAN ECZANESİ,49
2027-06-23,MAGUSA,ÇİSEM ECZANESİ,49
2027-06-23,MAGUSA,SEMAHAT ATAYOL ECZANESİ,49
2027-06-23,GIRNE,NESRİN HATİPOĞLU ECZANESİ,49
2027-06-23,GIRNE,SOYERLER 1 ECZANESİ,49
2027-06-23,GIRNE,MARYAM ECZANESİ,49
2027-06-23,GUZELYURT,İNCİ ECZANESİ,49
2027-06-23,LEFKE,AYŞE ALTINTUĞ ECZANESİ,49
2027-06-23,ISKELE,AVİCENNA ECZANESİ,49
2027-06-23,KARPAZ_1,SAKINER ECZANESİ,95
2027-06-23,KARPAZ_2,MELEK İBRAHİM ECZANESİ,95
2027-06-24,LEFKOSA,LAİKA GÖKÇEKUŞ ECZANESİ,49
2027-06-24,LEFKOSA,ÇAĞIN KORKMAZER ECZANESİ,49
2027-06-24,LEFKOSA,ÇELER ECZANESİ,49
2027-06-24,MAGUSA,ADA ECZANESİ,49
2027-06-24,MAGUSA,ODUNCUOĞLU ECZANESİ,49
2027-06-24,GIRNE,NEJLA ERÇAL ECZANESİ,49
2027-06-24,GIRNE,AŞAR ECZANESİ,49
2027-06-24,GIRNE,AHMET ÇAĞER ECZANESİ,49
2027-06-24,GUZELYURT,NİLGÜN ECZANESİ,49
2027-06-24,LEFKE,OSMAN ULUŞAN ECZANESİ,49
2027-06-24,ISKELE,BUSE ULUÇAY ECZANESİ,49
2027-06-24,UST_MESARYA,GÜLTEN VELİ ECZANESİ,80
2027-06-24,ALT_MESARYA,GÜRSOY ECZANESİ,80
2027-06-24,KARPAZ_1,BESİM SEVİNDİK ECZANESİ,95
2027-06-24,KARPAZ_2,OLGUN KAHYAOĞLU ECZANESİ,95
2027-06-25,LEFKOSA,ÇINARLI ECZANESİ,49
2027-06-25,LEFKOSA,DİDEM ÖZKAYALI ECZANESİ,49
2027-06-25,LEFKOSA,GÖNÜL ECZANESİ,49
2027-06-25,MAGUSA,MELİKE DEMİRSÖZ ECZANESİ,49
2027-06-25,MAGUSA,KARAKOL ECZANESİ,49
2027-06-25,GIRNE,GİRNE ECZANESİ,49
2027-06-25,GIRNE,NURÇAĞ ECZANESİ,49
2027-06-25,GIRNE,SALİM KARABEKİR ECZANESİ,49
2027-06-25,GUZELYURT,PEMBE SADIKOĞLU ECZANESİ,49
2027-06-25,LEFKE,SIDIKA UMAR ECZANESİ,49
2027-06-25,ISKELE,SULTAN TOPEL ECZANESİ,49
2027-06-25,KARPAZ_1,KARPAZIN ECZANESİ,95
2027-06-25,KARPAZ_2,FATMA KAHYAOĞLU ECZANESİ,95
2027-06-26,LEFKOSA,YENİKENT ECZANESİ,49
2027-06-26,LEFKOSA,BAHİRE ÖZSU AKDOĞAN ECZANESİ,49
2027-06-26,LEFKOSA,BEHAYİ YILMABAŞAR ECZANESİ,49
2027-06-26,MAGUSA,DEMET ECZANESİ,49
2027-06-26,MAGUSA,FAYDALI ECZANESİ,49
2027-06-26,GIRNE,AYDIN LİFE ECZANESİ,49
2027-06-26,GIRNE,AYHAN ACARKAN ECZANESİ,49
2027-06-26,GIRNE,ŞİFALI ECZANESİ,49
2027-06-26,GUZELYURT,RESMİYE ESE ECZANESİ,49
2027-06-26,LEFKE,HATİCE SOYER ECZANESİ,49
2027-06-26,ISKELE,MEVLÜT KAÇMAZ ECZANESİ,49
2027-06-26,UST_MESARYA,YÜKSEL ECZANESİ,80
2027-06-26,ALT_MESARYA,HOCANIN ECZANESİ,80
2027-06-26,KARPAZ_1,ERENKÖY ECZANESİ,95
2027-06-26,KARPAZ_2,MELEK İBRAHİM ECZANESİ,95
2027-06-27,LEFKOSA,EMEL ATAÇAĞ ECZANESİ,50
2027-06-27,LEFKOSA,NERGİS ECZANESİ,50
2027-06-27,LEFKOSA,UMUT ÖKSÜZ ECZANESİ,50
2027-06-27,MAGUSA,İÇTEN ECZANESİ,50
2027-06-27,MAGUSA,NASİM ECZANESİ,50
2027-06-27,GIRNE,ZİYA SENCER ECZANESİ,50
2027-06-27,GIRNE,AYLAND ECZANESİ,50
2027-06-27,GIRNE,AYŞEN ALTAN ECZANESİ,50
2027-06-27,GUZELYURT,SEDEF SONAT ECZANESİ,50
2027-06-27,LEFKE,ALTINCI ECZANESİ,50
2027-06-27,ISKELE,SEVİLAY PIRLANTA ECZANESİ,50
2027-06-27,UST_MESARYA,ESER AVCI ECZANESİ,80
2027-06-27,ALT_MESARYA,KINAY ECZANESİ,80
2027-06-27,KARPAZ_1,SAKINER ECZANESİ,95
2027-06-27,KARPAZ_2,OLGUN KAHYAOĞLU ECZANESİ,95
2027-06-28,LEFKOSA,GÖNYELİ ECZANESİ,50
2027-06-28,LEFKOSA,SÜHEYLA AŞAN ECZANESİ,50
2027-06-28,LEFKOSA,DİLAY MENEKAY ECZANESİ,50
2027-06-28,MAGUSA,ASLI EREN ECZANESİ,50
2027-06-28,MAGUSA,GÖKÇEN İLKTAÇ ECZANESİ,50
2027-06-28,GIRNE,MUCİZEM ECZANESİ,50
2027-06-28,GIRNE,EMİNAĞA ECZANESİ,50
2027-06-28,GIRNE,BARIŞ ECZANESİ,50
2027-06-28,GUZELYURT,SERCAN AVCI ECZANESİ,50
2027-06-28,LEFKE,İLKSEN ECZANESİ,50
2027-06-28,ISKELE,SÜNMEZ ECZANESİ,50
2027-06-28,KARPAZ_1,BESİM SEVİNDİK ECZANESİ,95
2027-06-28,KARPAZ_2,FATMA KAHYAOĞLU ECZANESİ,95
2027-06-29,LEFKOSA,SEZER ECZANESİ,50
2027-06-29,LEFKOSA,DİLEK ECZANESİ,50
2027-06-29,LEFKOSA,SERKAN KERVAN ECZANESİ,50
2027-06-29,MAGUSA,UZAY ECZANESİ,50
2027-06-29,MAGUSA,LARNAKA YOLU ECZANESİ,50
2027-06-29,GIRNE,ÖZGE ÖZÇINAR ECZANESİ,50
2027-06-29,GIRNE,RIZKI 2 ECZANESİ,50
2027-06-29,GIRNE,AYDINLİFE ALSANCAK ECZANESİ,50
2027-06-29,GUZELYURT,SEVİL ECZANESİ,50
2027-06-29,LEFKE,DERVİŞ KUTRET ECZANESİ,50
2027-06-29,ISKELE,SELİN ECZANESİ,50
2027-06-29,KARPAZ_1,KARPAZIN ECZANESİ,95
2027-06-29,KARPAZ_2,MELEK İBRAHİM ECZANESİ,95
2027-06-30,LEFKOSA,DAMLA KARDÜZ ECZANESİ,50
2027-06-30,LEFKOSA,MUSTAFA PEHLİVAN ECZANESİ,50
2027-06-30,LEFKOSA,ÖZNEM KILINÇKINI ECZANESİ,50
2027-06-30,MAGUSA,HALKIN ECZANESİ,50
2027-06-30,MAGUSA,VEZİROĞLU ECZANESİ,50
2027-06-30,GIRNE,ŞULE YILDIZDOĞAN ECZANESİ,50
2027-06-30,GIRNE,SELİN ESER ECZANESİ,50
2027-06-30,GIRNE,ASRIN ÜMİT ECZANESİ,50
2027-06-30,GUZELYURT,AŞAR ECZANESİ,50
2027-06-30,LEFKE,ULUS ECZANESİ,50
2027-06-30,ISKELE,GÖKBERK ALP YAKAR ECZANESİ,50
2027-06-30,KARPAZ_1,ERENKÖY ECZANESİ,95
2027-06-30,KARPAZ_2,OLGUN KAHYAOĞLU ECZANESİ,95
2027-07-01,LEFKOSA,SEVCAN ECZANESİ,50
2027-07-01,LEFKOSA,EMİNE KESKİN ECZANESİ,50
2027-07-01,LEFKOSA,BERKE SEMERCİ ECZANESİ,50
2027-07-01,MAGUSA,ERGİN ECZANESİ,50
2027-07-01,MAGUSA,NADİRE GÖKALP ECZANESİ,50
2027-07-01,GIRNE,İBRAHİM BARDAK ECZANESİ,50
2027-07-01,GIRNE,SETENAY BENGİSU ECZANESİ,50
2027-07-01,GIRNE,ZEHRA KELEBEK ECZANESİ,50
2027-07-01,GUZELYURT,İLKİN SADRAZAM ECZANESİ,50
2027-07-01,LEFKE,ŞİFA BİLDİR ECZANESİ,50
2027-07-01,ISKELE,ERDEM SURURİ ECZANESİ,50
2027-07-01,UST_MESARYA,GÖNÜL GÜRDAĞ ECZANESİ,80
2027-07-01,ALT_MESARYA,KUDRET ECZANESİ,80
2027-07-01,KARPAZ_1,SAKINER ECZANESİ,96
2027-07-01,KARPAZ_2,FATMA KAHYAOĞLU ECZANESİ,96
2027-07-02,LEFKOSA,AHMET MISIRLI ECZANESİ,50
2027-07-02,LEFKOSA,HAMİTKÖY ECZANESİ,50
2027-07-02,LEFKOSA,NECLA EMİN ECZANESİ,50
2027-07-02,MAGUSA,VELİ ATEŞ ECZANESİ,50
2027-07-02,MAGUSA,ÖZGE KALE ECZANESİ,50
2027-07-02,GIRNE,MELİS UZUN ECZANESİ,50
2027-07-02,GIRNE,RIZKI ECZANESİ,50
2027-07-02,GIRNE,SOYERLER ECZANESİ,50
2027-07-02,GUZELYURT,SÜREYYA ÖZCOŞKUN ECZANESİ,50
2027-07-02,LEFKE,HATİCE SOYER ECZANESİ,50
2027-07-02,ISKELE,SEVİLAY PIRLANTA ECZANESİ,50
2027-07-02,KARPAZ_1,BESİM SEVİNDİK ECZANESİ,96
2027-07-02,KARPAZ_2,MELEK İBRAHİM ECZANESİ,96
2027-07-03,LEFKOSA,ÜLKER POZAN ECZANESİ,50
2027-07-03,LEFKOSA,KEZİBAN TİLKİ ECZANESİ,50
2027-07-03,LEFKOSA,AKDORA ECZANESİ,50
2027-07-03,MAGUSA,SERHAT BAYBORA ECZANESİ,50
2027-07-03,MAGUSA,VELİ NURLUÖZ ECZANESİ,50
2027-07-03,GIRNE,TÖREN ECZANESİ,50
2027-07-03,GIRNE,MELİSA İŞİMTEKİN ECZANESİ,50
2027-07-03,GIRNE,PINAR KEKLİK ECZANESİ,50
2027-07-03,GUZELYURT,AŞAR ECZANESİ,50
2027-07-03,LEFKE,DİLAN PUL ECZANESİ,50
2027-07-03,ISKELE,NALAN ECZANESİ,50
2027-07-03,UST_MESARYA,MELİZ ECZANESİ,80
2027-07-03,ALT_MESARYA,MEHMET HOCA ECZANESİ,80
2027-07-03,KARPAZ_1,KARPAZIN ECZANESİ,96
2027-07-03,KARPAZ_2,OLGUN KAHYAOĞLU ECZANESİ,96
2027-07-04,LEFKOSA,BAHAR NURLUÖZ ECZANESİ,50
2027-07-04,LEFKOSA,DİMAY KAĞCAN ECZANESİ,50
2027-07-04,LEFKOSA,HAZAL REİS ECZANESİ,50
2027-07-04,MAGUSA,ZEYNEP ECZANESİ,50
2027-07-04,MAGUSA,SÜMER ECZANESİ,50
2027-07-04,GIRNE,DÜNYA ECZANESİ,50
2027-07-04,GIRNE,MEHMET KAMİLOĞLU ECZANESİ,50
2027-07-04,GIRNE,NAZIM VARIŞ ECZANESİ,50
2027-07-04,GUZELYURT,UYUMSAL ECZANESİ,50
2027-07-04,LEFKE,OSMAN ULUŞAN ECZANESİ,50
2027-07-04,ISKELE,SULTAN TOPEL ECZANESİ,50
2027-07-04,UST_MESARYA,GÜLTEN VELİ ECZANESİ,80
2027-07-04,ALT_MESARYA,MEHMET TUT ECZANESİ,80
2027-07-04,KARPAZ_1,ERENKÖY ECZANESİ,96
2027-07-04,KARPAZ_2,FATMA KAHYAOĞLU ECZANESİ,96
2027-07-05,LEFKOSA,HALKSEVER ECZANESİ,51
2027-07-05,LEFKOSA,YEŞİM ECZANESİ,51
2027-07-05,LEFKOSA,ÇAĞLAYAN ECZANESİ,51
2027-07-05,MAGUSA,SÜAY SEVİNÇ ECZANESİ,51
2027-07-05,MAGUSA,KAĞAN KANDEMİR ECZANESİ,51
2027-07-05,GIRNE,BUĞÇE ECZANESİ,51
2027-07-05,GIRNE,GÜNDAL ECZANESİ,51
2027-07-05,GIRNE,MARYAM ECZANESİ,51
2027-07-05,GUZELYURT,CAMCIOĞLU ECZANESİ,51
2027-07-05,LEFKE,SIDIKA UMAR ECZANESİ,51
2027-07-05,ISKELE,GÖKBERK ALP YAKAR ECZANESİ,51
2027-07-05,KARPAZ_1,SAKINER ECZANESİ,96
2027-07-05,KARPAZ_2,MELEK İBRAHİM ECZANESİ,96
2027-07-06,LEFKOSA,ALİ ERSOY ECZANESİ,51
2027-07-06,LEFKOSA,SONUÇ ECZANESİ,51
2027-07-06,LEFKOSA,ERTUNGA ECZANESİ,51
2027-07-06,MAGUSA,HALİL HAMZALAR ECZANESİ,51
2027-07-06,MAGUSA,AYŞEM ÇİL ECZANESİ,51
2027-07-06,GIRNE,POSTACIOĞLU ECZANESİ,51
2027-07-06,GIRNE,ERDOĞAN ÖZİKİZ ECZANESİ,51
2027-07-06,GIRNE,SALİM KARABEKİR ECZANESİ,51
2027-07-06,GUZELYURT,DOĞUŞ TÜRKBAYOĞLU ECZANESİ,51
2027-07-06,LEFKE,HATİCE SOYER ECZANESİ,51
2027-07-06,ISKELE,PERTEV ZEKİ ECZANESİ,51
2027-07-06,KARPAZ_1,BESİM SEVİNDİK ECZANESİ,96
2027-07-06,KARPAZ_2,OLGUN KAHYAOĞLU ECZANESİ,96
2027-07-07,LEFKOSA,AYŞE BIYIKOĞLU ECZANESİ,51
2027-07-07,LEFKOSA,EREN ECZANESİ,51
2027-07-07,LEFKOSA,ARZUM DAVULCU ECZANESİ,51
2027-07-07,MAGUSA,RANA YONTAR ECZANESİ,51
2027-07-07,MAGUSA,TURGUT KORHAN ECZANESİ,51
2027-07-07,GIRNE,ZİYA SENCER ECZANESİ,51
2027-07-07,GIRNE,TÖRENSEL ECZANESİ,51
2027-07-07,GIRNE,ŞİFALI ECZANESİ,51
2027-07-07,GUZELYURT,EMİNE ŞENTÜRK ECZANESİ,51
2027-07-07,LEFKE,DERVİŞ KUTRET ECZANESİ,51
2027-07-07,ISKELE,SELİN ECZANESİ,51
2027-07-07,KARPAZ_1,KARPAZIN ECZANESİ,96
2027-07-07,KARPAZ_2,FATMA KAHYAOĞLU ECZANESİ,96
2027-07-08,LEFKOSA,HARİKA OTAĞ ECZANESİ,51
2027-07-08,LEFKOSA,EBRU BAŞAY ECZANESİ,51
2027-07-08,LEFKOSA,PERVİN ECZANESİ,51
2027-07-08,MAGUSA,PETEK ECZANESİ,51
2027-07-08,MAGUSA,ZERİN VOLKAN ECZANESİ,51
2027-07-08,GIRNE,ÖZGE ÖZÇINAR ECZANESİ,51
2027-07-08,GIRNE,SELİN ESER ECZANESİ,51
2027-07-08,GIRNE,ASRIN ÜMİT ECZANESİ,51
2027-07-08,GUZELYURT,ERİN ECZANESİ,51
2027-07-08,LEFKE,AYŞE ALTINTUĞ ECZANESİ,51
2027-07-08,ISKELE,İSKELE ECZANESİ,51
2027-07-08,UST_MESARYA,SERDARLI ECZANESİ,80
2027-07-08,ALT_MESARYA,PHARGAMOS ECZANESİ,80
2027-07-08,KARPAZ_1,ERENKÖY ECZANESİ,96
2027-07-08,KARPAZ_2,MELEK İBRAHİM ECZANESİ,96
2027-07-09,LEFKOSA,KERMİYA ECZANESİ,51
2027-07-09,LEFKOSA,TULİS ECZANESİ,51
2027-07-09,LEFKOSA,YENİŞEHİR ECZANESİ,51
2027-07-09,MAGUSA,ERTUĞ EMİN ECZANESİ,51
2027-07-09,MAGUSA,GÜZER ECZANESİ,51
2027-07-09,GIRNE,MELİZ 2 ECZANESİ,51
2027-07-09,GIRNE,AŞAR KARAOĞLANOĞLU ECZANESİ,51
2027-07-09,GIRNE,AHMET ÇAĞER ECZANESİ,51
2027-07-09,GUZELYURT,GİLANLI ECZANESİ,51
2027-07-09,LEFKE,İLKSEN ECZANESİ,51
2027-07-09,ISKELE,MEVLÜT KAÇMAZ ECZANESİ,51
2027-07-09,KARPAZ_1,SAKINER ECZANESİ,96
2027-07-09,KARPAZ_2,OLGUN KAHYAOĞLU ECZANESİ,96
2027-07-10,LEFKOSA,ATAER ECZANESİ,51
2027-07-10,LEFKOSA,RANYA ECZANESİ,51
2027-07-10,LEFKOSA,FATMA AŞİNA ECZANESİ,51
2027-07-10,MAGUSA,EMİR ECZANESİ,51
2027-07-10,MAGUSA,MEVA ECZANESİ,51
2027-07-10,GIRNE,KÜÇÜK ECZANESİ,51
2027-07-10,GIRNE,NEJLA ERÇAL ECZANESİ,51
2027-07-10,GIRNE,ÖZENİR ECZANESİ,51
2027-07-10,GUZELYURT,İLKİN SADRAZAM ECZANESİ,51
2027-07-10,LEFKE,ALTINCI ECZANESİ,51
2027-07-10,ISKELE,ÖZBİRTAN ECZANESİ,51
2027-07-10,UST_MESARYA,YÜKSEL ECZANESİ,80
2027-07-10,ALT_MESARYA,SERVET GÖKŞİN ECZANESİ,80
2027-07-10,KARPAZ_1,BESİM SEVİNDİK ECZANESİ,96
2027-07-10,KARPAZ_2,FATMA KAHYAOĞLU ECZANESİ,96
2027-07-11,LEFKOSA,FERİN ECZANESİ,51
2027-07-11,LEFKOSA,AKDENİZ ECZANESİ,51
2027-07-11,LEFKOSA,CEMRE ECZANESİ,51
2027-07-11,MAGUSA,BUĞÇE BAYRAM ECZANESİ,51
2027-07-11,MAGUSA,AYBENK ECZANESİ,51
2027-07-11,GIRNE,GİRNE ECZANESİ,51
2027-07-11,GIRNE,MEHMET GAZİ KÖYLÜ ECZANESİ,51
2027-07-11,GIRNE,SOYERLER ECZANESİ,51
2027-07-11,GUZELYURT,İNCİ ECZANESİ,51
2027-07-11,LEFKE,ULUS ECZANESİ,51
2027-07-11,ISKELE,SÜNMEZ ECZANESİ,51
2027-07-11,UST_MESARYA,ESER AVCI ECZANESİ,80
2027-07-11,ALT_MESARYA,VADİLİ ECZANESİ,80
2027-07-11,KARPAZ_1,KARPAZIN ECZANESİ,96
2027-07-11,KARPAZ_2,MELEK İBRAHİM ECZANESİ,96
2027-07-12,LEFKOSA,SEV ECZANESİ,51
2027-07-12,LEFKOSA,DAĞMAN ECZANESİ,51
2027-07-12,LEFKOSA,LEFKOŞA ECZANESİ,51
2027-07-12,MAGUSA,AYŞE ÖZBEYCAN ECZANESİ,51
2027-07-12,MAGUSA,MEHMET ARTER ECZANESİ,51
2027-07-12,GIRNE,ILGEN ECZANESİ,51
2027-07-12,GIRNE,ÖMRÜM ECZANESİ,51
2027-07-12,GIRNE,ZEHRA KELEBEK ECZANESİ,51
2027-07-12,GUZELYURT,NİLGÜN ECZANESİ,51
2027-07-12,LEFKE,ŞİFA BİLDİR ECZANESİ,51
2027-07-12,ISKELE,ERDEM SURURİ ECZANESİ,51
2027-07-12,KARPAZ_1,ERENKÖY ECZANESİ,96
2027-07-12,KARPAZ_2,OLGUN KAHYAOĞLU ECZANESİ,96
2027-07-13,LEFKOSA,ALPDOĞAN ECZANESİ,51
2027-07-13,LEFKOSA,DEREBOYU ECZANESİ,51
2027-07-13,LEFKOSA,FATMA YÜRÜN ECZANESİ,51
2027-07-13,MAGUSA,EYLÜL DALKILINÇ ECZANESİ,51
2027-07-13,MAGUSA,KUNTER GÜVEN ECZANESİ,51
2027-07-13,GIRNE,AŞAR ECZANESİ,51
2027-07-13,GIRNE,CENGİZ SOLMAZ ECZANESİ,51
2027-07-13,GIRNE,AYŞEN ALTAN ECZANESİ,51
2027-07-13,GUZELYURT,PEMBE SADIKOĞLU ECZANESİ,51
2027-07-13,LEFKE,OSMAN ULUŞAN ECZANESİ,51
2027-07-13,ISKELE,NALAN ECZANESİ,51
2027-07-13,KARPAZ_1,SAKINER ECZANESİ,96
2027-07-13,KARPAZ_2,FATMA KAHYAOĞLU ECZANESİ,96
2027-07-14,LEFKOSA,DENİZ ÇORBA ECZANESİ,52
2027-07-14,LEFKOSA,SAFİYE ÇAĞANSEL ECZANESİ,52
2027-07-14,LEFKOSA,ÇİSE YILDIRIM ECZANESİ,52
2027-07-14,MAGUSA,HACER BALIKÇI ECZANESİ,52
2027-07-14,MAGUSA,ARAS ÖNCÜ ECZANESİ,52
2027-07-14,GIRNE,AYHAN ACARKAN ECZANESİ,52
2027-07-14,GIRNE,AYLAND ECZANESİ,52
2027-07-14,GIRNE,BARIŞ ECZANESİ,52
2027-07-14,GUZELYURT,RESMİYE ESE ECZANESİ,52
2027-07-14,LEFKE,DİLAN PUL ECZANESİ,52
2027-07-14,ISKELE,ÖZBİRTAN ECZANESİ,52
2027-07-14,KARPAZ_1,BESİM SEVİNDİK ECZANESİ,96
2027-07-14,KARPAZ_2,MELEK İBRAHİM ECZANESİ,96
2027-07-15,LEFKOSA,İNCİRLİ ECZANESİ,52
2027-07-15,LEFKOSA,HÜSEYİN SAKALLI ECZANESİ,52
2027-07-15,LEFKOSA,ADAHAN ECZANESİ,52
2027-07-15,MAGUSA,MISRA ÖZBAY ECZANESİ,52
2027-07-15,MAGUSA,NİLHAN SOYSAL ECZANESİ,52
2027-07-15,GIRNE,SHİMA ECZANESİ,52
2027-07-15,GIRNE,SEVİN ÇAĞAY ECZANESİ,52
2027-07-15,GIRNE,ŞİFALI ECZANESİ,52
2027-07-15,GUZELYURT,SEDEF SONAT ECZANESİ,52
2027-07-15,LEFKE,SIDIKA UMAR ECZANESİ,52
2027-07-15,ISKELE,GÖKBERK ALP YAKAR ECZANESİ,52
2027-07-15,UST_MESARYA,SERDARLI ECZANESİ,80
2027-07-15,ALT_MESARYA,BUĞRA ECZANESİ,80
2027-07-15,KARPAZ_1,KARPAZIN ECZANESİ,96
2027-07-15,KARPAZ_2,OLGUN KAHYAOĞLU ECZANESİ,96
2027-07-16,LEFKOSA,MİEL ECZANESİ,52
2027-07-16,LEFKOSA,SEVAL KAYMAK ECZANESİ,52
2027-07-16,LEFKOSA,NECATİBEY ECZANESİ,52
2027-07-16,MAGUSA,ULUÇAY ECZANESİ,52
2027-07-16,MAGUSA,TANYA SALİMER ECZANESİ,52
2027-07-16,GIRNE,DOĞAN BAŞAK ECZANESİ,52
2027-07-16,GIRNE,SETENAY BENGİSU ECZANESİ,52
2027-07-16,GIRNE,AYDINLİFE ALSANCAK ECZANESİ,52
2027-07-16,GUZELYURT,SERCAN AVCI ECZANESİ,52
2027-07-16,LEFKE,DERVİŞ KUTRET ECZANESİ,52
2027-07-16,ISKELE,BUSE ULUÇAY ECZANESİ,52
2027-07-16,KARPAZ_1,ERENKÖY ECZANESİ,96
2027-07-16,KARPAZ_2,FATMA KAHYAOĞLU ECZANESİ,96
2027-07-17,LEFKOSA,OBA ECZANESİ,52
2027-07-17,LEFKOSA,İSMET ECZANESİ,52
2027-07-17,LEFKOSA,BUSE AVCI ECZANESİ,52
2027-07-17,MAGUSA,OSMANKAN ECZANESİ,52
2027-07-17,MAGUSA,ÇİSEM ECZANESİ,52
2027-07-17,GIRNE,NESRİN HATİPOĞLU ECZANESİ,52
2027-07-17,GIRNE,ORÇUN ÖZKASAP ECZANESİ,52
2027-07-17,GIRNE,ASRIN ÜMİT ECZANESİ,52
2027-07-17,GUZELYURT,SEVİL ECZANESİ,52
2027-07-17,LEFKE,İLKSEN ECZANESİ,52
2027-07-17,ISKELE,PERTEV ZEKİ ECZANESİ,52
2027-07-17,UST_MESARYA,GÜLTEN VELİ ECZANESİ,80
2027-07-17,ALT_MESARYA,DOĞUŞ ACARÖZ ECZANESİ,80
2027-07-17,KARPAZ_1,SAKINER ECZANESİ,96
2027-07-17,KARPAZ_2,MELEK İBRAHİM ECZANESİ,96
2027-07-18,LEFKOSA,CEMİLE FIRINCIOĞLULARI ECZANESİ,52
2027-07-18,LEFKOSA,MOR SAFİR ECZANESİ,52
2027-07-18,LEFKOSA,SERPİN ONAY ECZANESİ,52
2027-07-18,MAGUSA,HALKIN ECZANESİ,52
2027-07-18,MAGUSA,FUNDA ERSÖZLÜ ECZANESİ,52
2027-07-18,GIRNE,MUCİZEM ECZANESİ,52
2027-07-18,GIRNE,TÖREN 2 ECZANESİ,52
2027-07-18,GIRNE,SALİM KARABEKİR ECZANESİ,52
2027-07-18,GUZELYURT,ŞİFA SİPERCİ ECZANESİ,52
2027-07-18,LEFKE,HATİCE SOYER ECZANESİ,52
2027-07-18,ISKELE,AVİCENNA ECZANESİ,52
2027-07-18,UST_MESARYA,MELİZ ECZANESİ,80
2027-07-18,ALT_MESARYA,DÖRTYOL ECZANESİ,80
2027-07-18,KARPAZ_1,BESİM SEVİNDİK ECZANESİ,96
2027-07-18,KARPAZ_2,OLGUN KAHYAOĞLU ECZANESİ,96
2027-07-19,LEFKOSA,ORHAN BERKE ECZANESİ,52
2027-07-19,LEFKOSA,SEVGİ KIRBOĞA ECZANESİ,52
2027-07-19,LEFKOSA,CANEŞ ECZANESİ,52
2027-07-19,MAGUSA,GİZEM KARAHASAN ECZANESİ,52
2027-07-19,MAGUSA,HİÇKORKMAZ ECZANESİ,52
2027-07-19,GIRNE,DİLARA ÖZHAMİT ECZANESİ,52
2027-07-19,GIRNE,RIZKI 2 ECZANESİ,52
2027-07-19,GIRNE,SOYERLER ECZANESİ,52
2027-07-19,GUZELYURT,SÜREYYA ÖZCOŞKUN ECZANESİ,52
2027-07-19,LEFKE,ALTINCI ECZANESİ,52
2027-07-19,ISKELE,SELİN ECZANESİ,52
2027-07-19,KARPAZ_1,KARPAZIN ECZANESİ,96
2027-07-19,KARPAZ_2,FATMA KAHYAOĞLU ECZANESİ,96
2027-07-20,LEFKOSA,FULDEN DONANGİL ECZANESİ,52
2027-07-20,LEFKOSA,MALEK ECZANESİ,52
2027-07-20,LEFKOSA,TÜRKAN ŞENTİP ECZANESİ,52
2027-07-20,MAGUSA,ASYA TEKBIYIK ECZANESİ,52
2027-07-20,MAGUSA,MELİKE DEMİRSÖZ ECZANESİ,52
2027-07-20,GIRNE,KANDİL ECZANESİ,52
2027-07-20,GIRNE,AYDIN LİFE ECZANESİ,52
2027-07-20,GIRNE,MARYAM ECZANESİ,52
2027-07-20,GUZELYURT,AYCAN ECZANESİ,52
2027-07-20,LEFKE,AYŞE ALTINTUĞ ECZANESİ,52
2027-07-20,ISKELE,SULTAN TOPEL ECZANESİ,52
2027-07-20,UST_MESARYA,GÖNÜL GÜRDAĞ ECZANESİ,80
2027-07-20,ALT_MESARYA,GÜNER BİNBOĞA ECZANESİ,80
2027-07-20,KARPAZ_1,ERENKÖY ECZANESİ,96
2027-07-20,KARPAZ_2,MELEK İBRAHİM ECZANESİ,96
2027-07-21,LEFKOSA,ÖZVOL ECZANESİ,52
2027-07-21,LEFKOSA,GALEN ECZANESİ,52
2027-07-21,LEFKOSA,ZEHRA ECZANESİ,52
2027-07-21,MAGUSA,BARIŞER ECZANESİ,52
2027-07-21,MAGUSA,İNEM MİMAR ECZANESİ,52
2027-07-21,GIRNE,ADAŞEHİR ECZANESİ,52
2027-07-21,GIRNE,SHİMA ECZANESİ,52
2027-07-21,GIRNE,NAZIM VARIŞ ECZANESİ,52
2027-07-21,GUZELYURT,AŞAR ECZANESİ,52
2027-07-21,LEFKE,ULUS ECZANESİ,52
2027-07-21,ISKELE,SEVİLAY PIRLANTA ECZANESİ,52
2027-07-21,KARPAZ_1,SAKINER ECZANESİ,96
2027-07-21,KARPAZ_2,OLGUN KAHYAOĞLU ECZANESİ,96
2027-07-22,LEFKOSA,ARDA ULUPINAR ECZANESİ,53
2027-07-22,LEFKOSA,DİLEM UZCAN ECZANESİ,53
2027-07-22,LEFKOSA,TUNA ECZANESİ,53
2027-07-22,MAGUSA,BAHAR ECZANESİ,53
2027-07-22,MAGUSA,VELİ ATEŞ ECZANESİ,53
2027-07-22,GIRNE,ŞULE YILDIZDOĞAN ECZANESİ,53
2027-07-22,GIRNE,ALENBAY ECZANESİ,53
2027-07-22,GIRNE,ÖZENİR ECZANESİ,53
2027-07-22,GUZELYURT,ŞİFA SİPERCİ ECZANESİ,53
2027-07-22,LEFKE,DİLAN PUL ECZANESİ,53
2027-07-22,ISKELE,İSKELE ECZANESİ,53
2027-07-22,UST_MESARYA,YÜKSEL ECZANESİ,80
2027-07-22,ALT_MESARYA,GÜRSOY ECZANESİ,80
2027-07-22,KARPAZ_1,BESİM SEVİNDİK ECZANESİ,97
2027-07-22,KARPAZ_2,FATMA KAHYAOĞLU ECZANESİ,97
2027-07-23,LEFKOSA,SEVGİ KARABEKİR ECZANESİ,53
2027-07-23,LEFKOSA,DİLAY KILÇIK ECZANESİ,53
2027-07-23,LEFKOSA,APAYDIN ECZANESİ,53
2027-07-23,MAGUSA,SAKARYA ECZANESİ,53
2027-07-23,MAGUSA,UMUT ECZANESİ,53
2027-07-23,GIRNE,EMİNAĞA ECZANESİ,53
2027-07-23,GIRNE,BUĞÇE ECZANESİ,53
2027-07-23,GIRNE,PINAR KEKLİK ECZANESİ,53
2027-07-23,GUZELYURT,İNCİ ECZANESİ,53
2027-07-23,LEFKE,OSMAN ULUŞAN ECZANESİ,53
2027-07-23,ISKELE,SÜNMEZ ECZANESİ,53
2027-07-23,KARPAZ_1,KARPAZIN ECZANESİ,97
2027-07-23,KARPAZ_2,MELEK İBRAHİM ECZANESİ,97
2027-07-24,LEFKOSA,IŞIK KEREM ECZANESİ,53
2027-07-24,LEFKOSA,PAPATYAM ECZANESİ,53
2027-07-24,LEFKOSA,SEYRANTEPE ECZANESİ,53
2027-07-24,MAGUSA,LARNAKA YOLU ECZANESİ,53
2027-07-24,MAGUSA,VEZİROĞLU ECZANESİ,53
2027-07-24,GIRNE,SOYERLER 1 ECZANESİ,53
2027-07-24,GIRNE,GÜNAY VARIŞ ECZANESİ,53
2027-07-24,GIRNE,AHMET ÇAĞER ECZANESİ,53
2027-07-24,GUZELYURT,CAMCIOĞLU ECZANESİ,53
2027-07-24,LEFKE,ŞİFA BİLDİR ECZANESİ,53
2027-07-24,ISKELE,SELİN ECZANESİ,53
2027-07-24,UST_MESARYA,ESER AVCI ECZANESİ,80
2027-07-24,ALT_MESARYA,HOCANIN ECZANESİ,80
2027-07-24,KARPAZ_1,ERENKÖY ECZANESİ,97
2027-07-24,KARPAZ_2,OLGUN KAHYAOĞLU ECZANESİ,97
2027-07-25,LEFKOSA,KAPTANCAN ECZANESİ,53
2027-07-25,LEFKOSA,LA PHARMA ECZANESİ,53
2027-07-25,LEFKOSA,GÜLİZAR ÖZTEKNİK ECZANESİ,53
2027-07-25,MAGUSA,KAĞAN KANDEMİR ECZANESİ,53
2027-07-25,MAGUSA,KARAKOL ECZANESİ,53
2027-07-25,GIRNE,NURÇAĞ ECZANESİ,53
2027-07-25,GIRNE,KARAOĞLANOĞLU ECZANESİ,53
2027-07-25,GIRNE,BARIŞ ECZANESİ,53
2027-07-25,GUZELYURT,DOĞUŞ TÜRKBAYOĞLU ECZANESİ,53
2027-07-25,LEFKE,DERVİŞ KUTRET ECZANESİ,53
2027-07-25,ISKELE,BUSE ULUÇAY ECZANESİ,53
2027-07-25,UST_MESARYA,GÖNÜL GÜRDAĞ ECZANESİ,80
2027-07-25,ALT_MESARYA,KINAY ECZANESİ,80
2027-07-25,KARPAZ_1,SAKINER ECZANESİ,97
2027-07-25,KARPAZ_2,FATMA KAHYAOĞLU ECZANESİ,97
2027-07-26,LEFKOSA,GÜLNUR ECZANESİ,53
2027-07-26,LEFKOSA,CEMALİYE AĞAOĞLU ECZANESİ,53
2027-07-26,LEFKOSA,BİLGE TÜRKSEVEN ECZANESİ,53
2027-07-26,MAGUSA,MELİKE BARBAROS ECZANESİ,53
2027-07-26,MAGUSA,HANDE BESMEL ECZANESİ,53
2027-07-26,GIRNE,CENGİZ SOLMAZ ECZANESİ,53
2027-07-26,GIRNE,TÖREN 2 ECZANESİ,53
2027-07-26,GIRNE,AYŞEN ALTAN ECZANESİ,53
2027-07-26,GUZELYURT,EMİNE ŞENTÜRK ECZANESİ,53
2027-07-26,LEFKE,İLKSEN ECZANESİ,53
2027-07-26,ISKELE,AVİCENNA ECZANESİ,53
2027-07-26,KARPAZ_1,BESİM SEVİNDİK ECZANESİ,97
2027-07-26,KARPAZ_2,MELEK İBRAHİM ECZANESİ,97
2027-07-27,LEFKOSA,MUSTAFA GÜRMAN ECZANESİ,53
2027-07-27,LEFKOSA,ABBASOĞLU ECZANESİ,53
2027-07-27,LEFKOSA,ARASTA ECZANESİ,53
2027-07-27,MAGUSA,ÖREN ECZANESİ,53
2027-07-27,MAGUSA,REZAN ECZANESİ,53
2027-07-27,GIRNE,İBRAHİM BARDAK ECZANESİ,53
2027-07-27,GIRNE,RIZKI 2 ECZANESİ,53
2027-07-27,GIRNE,ZEHRA KELEBEK ECZANESİ,53
2027-07-27,GUZELYURT,ERİN ECZANESİ,53
2027-07-27,LEFKE,HATİCE SOYER ECZANESİ,53
2027-07-27,ISKELE,ERDEM SURURİ ECZANESİ,53
2027-07-27,KARPAZ_1,KARPAZIN ECZANESİ,97
2027-07-27,KARPAZ_2,OLGUN KAHYAOĞLU ECZANESİ,97
2027-07-28,LEFKOSA,ÖZÇALIŞKAN ECZANESİ,53
2027-07-28,LEFKOSA,YONCA HATİPOĞLU ECZANESİ,53
2027-07-28,LEFKOSA,NELİN ECZANESİ,53
2027-07-28,MAGUSA,ÇAĞKAN AKSOY ECZANESİ,53
2027-07-28,MAGUSA,SERHAT BAYBORA ECZANESİ,53
2027-07-28,GIRNE,ENVER POLİLİ ECZANESİ,53
2027-07-28,GIRNE,MELİSA İŞİMTEKİN ECZANESİ,53
2027-07-28,GIRNE,AYDINLİFE ALSANCAK ECZANESİ,53
2027-07-28,GUZELYURT,GİLANLI ECZANESİ,53
2027-07-28,LEFKE,ULUS ECZANESİ,53
2027-07-28,ISKELE,GÖKBERK ALP YAKAR ECZANESİ,53
2027-07-28,KARPAZ_1,ERENKÖY ECZANESİ,97
2027-07-28,KARPAZ_2,FATMA KAHYAOĞLU ECZANESİ,97
2027-07-29,LEFKOSA,ÇAĞRI CANDANAL ECZANESİ,54
2027-07-29,LEFKOSA,LADEN AKBATUR ECZANESİ,54
2027-07-29,LEFKOSA,ŞERİFE ADEMOĞULLARI ECZANESİ,54
2027-07-29,MAGUSA,MEHMETALİ BEYAZ ECZANESİ,54
2027-07-29,MAGUSA,GÖKÇEN İLKTAÇ ECZANESİ,54
2027-07-29,GIRNE,TURGAY PARALI ECZANESİ,54
2027-07-29,GIRNE,İPEK YÖNEY ECZANESİ,54
2027-07-29,GIRNE,SOYERLER ECZANESİ,54
2027-07-29,GUZELYURT,UYUMSAL ECZANESİ,54
2027-07-29,LEFKE,ALTINCI ECZANESİ,54
2027-07-29,ISKELE,NALAN ECZANESİ,54
2027-07-29,UST_MESARYA,GÜLTEN VELİ ECZANESİ,80
2027-07-29,ALT_MESARYA,KUDRET ECZANESİ,80
2027-07-29,KARPAZ_1,SAKINER ECZANESİ,97
2027-07-29,KARPAZ_2,MELEK İBRAHİM ECZANESİ,97
2027-07-30,LEFKOSA,ÇAĞANSOY ECZANESİ,54
2027-07-30,LEFKOSA,CEVHER ECZANESİ,54
2027-07-30,LEFKOSA,OBA 2 ECZANESİ,54
2027-07-30,MAGUSA,ÇİSE SEZEREL ECZANESİ,54
2027-07-30,MAGUSA,BURCU GÖKALP ECZANESİ,54
2027-07-30,GIRNE,POSTACIOĞLU ECZANESİ,54
2027-07-30,GIRNE,TÖRENSEL ECZANESİ,54
2027-07-30,GIRNE,ASRIN ÜMİT ECZANESİ,54
2027-07-30,GUZELYURT,AYCAN ECZANESİ,54
2027-07-30,LEFKE,AYŞE ALTINTUĞ ECZANESİ,54
2027-07-30,ISKELE,MEVLÜT KAÇMAZ ECZANESİ,54
2027-07-30,KARPAZ_1,BESİM SEVİNDİK ECZANESİ,97
2027-07-30,KARPAZ_2,OLGUN KAHYAOĞLU ECZANESİ,97
2027-07-31,LEFKOSA,NİLCAN YAVUZCAN ECZANESİ,54
2027-07-31,LEFKOSA,SABİHA BULDUK ECZANESİ,54
2027-07-31,LEFKOSA,DİDEM ÖZKAYALI ECZANESİ,54
2027-07-31,MAGUSA,ASLI EREN ECZANESİ,54
2027-07-31,MAGUSA,ZERİN VOLKAN ECZANESİ,54
2027-07-31,GIRNE,EDA ATAÇAĞ ECZANESİ,54
2027-07-31,GIRNE,ARDA ÇELİK ECZANESİ,54
2027-07-31,GIRNE,ŞİFALI ECZANESİ,54
2027-07-31,GUZELYURT,NİLGÜN ECZANESİ,54
2027-07-31,LEFKE,SIDIKA UMAR ECZANESİ,54
2027-07-31,ISKELE,İSKELE ECZANESİ,54
2027-07-31,UST_MESARYA,MELİZ ECZANESİ,80
2027-07-31,ALT_MESARYA,MEHMET HOCA ECZANESİ,80
2027-07-31,KARPAZ_1,KARPAZIN ECZANESİ,97
2027-07-31,KARPAZ_2,FATMA KAHYAOĞLU ECZANESİ,97
2027-08-01,LEFKOSA,GÖNÜL ECZANESİ,54
2027-08-01,LEFKOSA,SÜHEYLA AŞAN ECZANESİ,54
2027-08-01,LEFKOSA,NERİMAN KARATAÇ ECZANESİ,54
2027-08-01,MAGUSA,HALİL HAMZALAR ECZANESİ,54
2027-08-01,MAGUSA,ÖZGE KALE ECZANESİ,54
2027-08-01,GIRNE,ZİYA SENCER ECZANESİ,54
2027-08-01,GIRNE,ÖMRÜM ECZANESİ,54
2027-08-01,GIRNE,ÖZENİR ECZANESİ,54
2027-08-01,GUZELYURT,İLKİN SADRAZAM ECZANESİ,54
2027-08-01,LEFKE,OSMAN ULUŞAN ECZANESİ,54
2027-08-01,ISKELE,NALAN ECZANESİ,54
2027-08-01,UST_MESARYA,SERDARLI ECZANESİ,80
2027-08-01,ALT_MESARYA,MEHMET TUT ECZANESİ,80
2027-08-01,KARPAZ_1,ERENKÖY ECZANESİ,97
2027-08-01,KARPAZ_2,MELEK İBRAHİM ECZANESİ,97
2027-08-02,LEFKOSA,AZİZ GÜZELER ECZANESİ,54
2027-08-02,LEFKOSA,YUSUF TANDOĞAN ECZANESİ,54
2027-08-02,LEFKOSA,KIZILBAŞ ECZANESİ,54
2027-08-02,MAGUSA,İÇTEN ECZANESİ,54
2027-08-02,MAGUSA,SÜAY SEVİNÇ ECZANESİ,54
2027-08-02,GIRNE,MEHMET GAZİ KÖYLÜ ECZANESİ,54
2027-08-02,GIRNE,DOĞAN BAŞAK ECZANESİ,54
2027-08-02,GIRNE,NAZIM VARIŞ ECZANESİ,54
2027-08-02,GUZELYURT,PEMBE SADIKOĞLU ECZANESİ,54
2027-08-02,LEFKE,ŞİFA BİLDİR ECZANESİ,54
2027-08-02,ISKELE,PERTEV ZEKİ ECZANESİ,54
2027-08-02,KARPAZ_1,SAKINER ECZANESİ,97
2027-08-02,KARPAZ_2,OLGUN KAHYAOĞLU ECZANESİ,97
2027-08-03,LEFKOSA,MERVE BİLLUR ECZANESİ,54
2027-08-03,LEFKOSA,BAHİRE ÖZSU AKDOĞAN ECZANESİ,54
2027-08-03,LEFKOSA,UMUT ÖKSÜZ ECZANESİ,54
2027-08-03,MAGUSA,ADA ECZANESİ,54
2027-08-03,MAGUSA,PETEK ECZANESİ,54
2027-08-03,GIRNE,SOYERLER 1 ECZANESİ,54
2027-08-03,GIRNE,MEHMET KAMİLOĞLU ECZANESİ,54
2027-08-03,GIRNE,SALİM KARABEKİR ECZANESİ,54
2027-08-03,GUZELYURT,RESMİYE ESE ECZANESİ,54
2027-08-03,LEFKE,ULUS ECZANESİ,54
2027-08-03,ISKELE,ÖZBİRTAN ECZANESİ,54
2027-08-03,KARPAZ_1,BESİM SEVİNDİK ECZANESİ,97
2027-08-03,KARPAZ_2,FATMA KAHYAOĞLU ECZANESİ,97
2027-08-04,LEFKOSA,LAİKA GÖKÇEKUŞ ECZANESİ,54
2027-08-04,LEFKOSA,GÜLİSTAN ARICI ECZANESİ,54
2027-08-04,LEFKOSA,SUDE UZUN ECZANESİ,54
2027-08-04,MAGUSA,ÖZNERGİS ECZANESİ,54
2027-08-04,MAGUSA,VELİ NURLUÖZ ECZANESİ,54
2027-08-04,GIRNE,NEJLA ERÇAL ECZANESİ,54
2027-08-04,GIRNE,DİLARA ÖZHAMİT ECZANESİ,54
2027-08-04,GIRNE,MARYAM ECZANESİ,54
2027-08-04,GUZELYURT,SEDEF SONAT ECZANESİ,54
2027-08-04,LEFKE,HATİCE SOYER ECZANESİ,54
2027-08-04,ISKELE,SELİN ECZANESİ,54
2027-08-04,KARPAZ_1,KARPAZIN ECZANESİ,97
2027-08-04,KARPAZ_2,MELEK İBRAHİM ECZANESİ,97
2027-08-05,LEFKOSA,BUSE KARŞILI ECZANESİ,54
2027-08-05,LEFKOSA,AHMET MISIRLI ECZANESİ,54
2027-08-05,LEFKOSA,ÇAĞLAYAN ECZANESİ,54
2027-08-05,MAGUSA,SEMAHAT ATAYOL ECZANESİ,54
2027-08-05,MAGUSA,SÜMER ECZANESİ,54
2027-08-05,GIRNE,TÖREN ECZANESİ,54
2027-08-05,GIRNE,GÜNDAL ECZANESİ,54
2027-08-05,GIRNE,PINAR KEKLİK ECZANESİ,54
2027-08-05,GUZELYURT,SERCAN AVCI ECZANESİ,54
2027-08-05,LEFKE,DERVİŞ KUTRET ECZANESİ,54
2027-08-05,ISKELE,MEVLÜT KAÇMAZ ECZANESİ,54
2027-08-05,UST_MESARYA,YÜKSEL ECZANESİ,80
2027-08-05,ALT_MESARYA,DÖRTYOL ECZANESİ,80
2027-08-05,KARPAZ_1,ERENKÖY ECZANESİ,97
2027-08-05,KARPAZ_2,OLGUN KAHYAOĞLU ECZANESİ,97
2027-08-06,LEFKOSA,ORTAKÖY ECZANESİ,55
2027-08-06,LEFKOSA,ERSAĞ ECZANESİ,55
2027-08-06,LEFKOSA,İZEM ECZANESİ,55
2027-08-06,MAGUSA,ERTUĞ EMİN ECZANESİ,55
2027-08-06,MAGUSA,MEVA ECZANESİ,55
2027-08-06,GIRNE,NURÇAĞ ECZANESİ,55
2027-08-06,GIRNE,GİRNE ECZANESİ,55
2027-08-06,GIRNE,AHMET ÇAĞER ECZANESİ,55
2027-08-06,GUZELYURT,NİLGÜN ECZANESİ,55
2027-08-06,LEFKE,OSMAN ULUŞAN ECZANESİ,55
2027-08-06,ISKELE,SEVİLAY PIRLANTA ECZANESİ,55
2027-08-06,KARPAZ_1,SAKINER ECZANESİ,97
2027-08-06,KARPAZ_2,FATMA KAHYAOĞLU ECZANESİ,97
2027-08-07,LEFKOSA,ALİ ERSOY ECZANESİ,55
2027-08-07,LEFKOSA,İMGE ECZANESİ,55
2027-08-07,LEFKOSA,HAMİTKÖY ECZANESİ,55
2027-08-07,MAGUSA,UZAY ECZANESİ,55
2027-08-07,MAGUSA,TANYA SALİMER ECZANESİ,55
2027-08-07,GIRNE,ILGEN ECZANESİ,55
2027-08-07,GIRNE,ARDA ÇELİK ECZANESİ,55
2027-08-07,GIRNE,BARIŞ ECZANESİ,55
2027-08-07,GUZELYURT,UYUMSAL ECZANESİ,55
2027-08-07,LEFKE,AYŞE ALTINTUĞ ECZANESİ,55
2027-08-07,ISKELE,SULTAN TOPEL ECZANESİ,55
2027-08-07,UST_MESARYA,ESER AVCI ECZANESİ,80
2027-08-07,ALT_MESARYA,SERVET GÖKŞİN ECZANESİ,80
2027-08-07,KARPAZ_1,BESİM SEVİNDİK ECZANESİ,97
2027-08-07,KARPAZ_2,MELEK İBRAHİM ECZANESİ,97
2027-08-08,LEFKOSA,GÖNYELİ ECZANESİ,55
2027-08-08,LEFKOSA,SONUÇ ECZANESİ,55
2027-08-08,LEFKOSA,ŞİRİN BOLKAN ECZANESİ,55
2027-08-08,MAGUSA,RANA YONTAR ECZANESİ,55
2027-08-08,MAGUSA,ULUÇAY ECZANESİ,55
2027-08-08,GIRNE,MELİS UZUN ECZANESİ,55
2027-08-08,GIRNE,ALENBAY ECZANESİ,55
2027-08-08,GIRNE,ZEHRA KELEBEK ECZANESİ,55
2027-08-08,GUZELYURT,SÜREYYA ÖZCOŞKUN ECZANESİ,55
2027-08-08,LEFKE,ALTINCI ECZANESİ,55
2027-08-08,ISKELE,ERDEM SURURİ ECZANESİ,55
2027-08-08,UST_MESARYA,GÖNÜL GÜRDAĞ ECZANESİ,80
2027-08-08,ALT_MESARYA,VADİLİ ECZANESİ,80
2027-08-08,KARPAZ_1,KARPAZIN ECZANESİ,97
2027-08-08,KARPAZ_2,OLGUN KAHYAOĞLU ECZANESİ,97
2027-08-09,LEFKOSA,ÇINARLI ECZANESİ,55
2027-08-09,LEFKOSA,YELİM ECZANESİ,55
2027-08-09,LEFKOSA,EMEL ATAÇAĞ ECZANESİ,55
2027-08-09,MAGUSA,DEMET ECZANESİ,55
2027-08-09,MAGUSA,BUĞÇE BAYRAM ECZANESİ,55
2027-08-09,GIRNE,İBRAHİM BARDAK ECZANESİ,55
2027-08-09,GIRNE,ERDOĞAN ÖZİKİZ ECZANESİ,55
2027-08-09,GIRNE,ASRIN ÜMİT ECZANESİ,55
2027-08-09,GUZELYURT,İNCİ ECZANESİ,55
2027-08-09,LEFKE,SIDIKA UMAR ECZANESİ,55
2027-08-09,ISKELE,SÜNMEZ ECZANESİ,55
2027-08-09,KARPAZ_1,ERENKÖY ECZANESİ,97
2027-08-09,KARPAZ_2,FATMA KAHYAOĞLU ECZANESİ,97
2027-08-10,LEFKOSA,İSFENDİYAROĞLU ECZANESİ,55
2027-08-10,LEFKOSA,SEVCAN ECZANESİ,55
2027-08-10,LEFKOSA,SÖZÜÖZ ECZANESİ,55
2027-08-10,MAGUSA,FAYDALI ECZANESİ,55
2027-08-10,MAGUSA,ZEYNEP ECZANESİ,55
2027-08-10,GIRNE,MELİSA İŞİMTEKİN ECZANESİ,55
2027-08-10,GIRNE,MELİZ 2 ECZANESİ,55
2027-08-10,GIRNE,AYŞEN ALTAN ECZANESİ,55
2027-08-10,GUZELYURT,AŞAR ECZANESİ,55
2027-08-10,LEFKE,DİLAN PUL ECZANESİ,55
2027-08-10,ISKELE,AVİCENNA ECZANESİ,55
2027-08-10,KARPAZ_1,SAKINER ECZANESİ,97
2027-08-10,KARPAZ_2,MELEK İBRAHİM ECZANESİ,97
2027-08-11,LEFKOSA,ÜLKER POZAN ECZANESİ,55
2027-08-11,LEFKOSA,SERKAN KERVAN ECZANESİ,55
2027-08-11,LEFKOSA,MUSTAFA PEHLİVAN ECZANESİ,55
2027-08-11,MAGUSA,ERGİN ECZANESİ,55
2027-08-11,MAGUSA,ÇİSEM ECZANESİ,55
2027-08-11,GIRNE,EMİNAĞA ECZANESİ,55
2027-08-11,GIRNE,EDA ATAÇAĞ ECZANESİ,55
2027-08-11,GIRNE,ŞİFALI ECZANESİ,55
2027-08-11,GUZELYURT,AYCAN ECZANESİ,55
2027-08-11,LEFKE,İLKSEN ECZANESİ,55
2027-08-11,ISKELE,BUSE ULUÇAY ECZANESİ,55
2027-08-11,KARPAZ_1,BESİM SEVİNDİK ECZANESİ,98
2027-08-11,KARPAZ_2,OLGUN KAHYAOĞLU ECZANESİ,98
2027-08-12,LEFKOSA,SERNA ECZANESİ,55
2027-08-12,LEFKOSA,GÜNEY ENGİNOL ECZANESİ,55
2027-08-12,LEFKOSA,DİLEK ECZANESİ,55
2027-08-12,MAGUSA,AYŞEM ÇİL ECZANESİ,55
2027-08-12,MAGUSA,HACER BALIKÇI ECZANESİ,55
2027-08-12,GIRNE,TÖREN 2 ECZANESİ,55
2027-08-12,GIRNE,AYLAND ECZANESİ,55
2027-08-12,GIRNE,NAZIM VARIŞ ECZANESİ,55
2027-08-12,GUZELYURT,CAMCIOĞLU ECZANESİ,55
2027-08-12,LEFKE,ULUS ECZANESİ,55
2027-08-12,ISKELE,NALAN ECZANESİ,55
2027-08-12,UST_MESARYA,GÜLTEN VELİ ECZANESİ,80
2027-08-12,ALT_MESARYA,BUĞRA ECZANESİ,80
2027-08-12,KARPAZ_1,KARPAZIN ECZANESİ,98
2027-08-12,KARPAZ_2,FATMA KAHYAOĞLU ECZANESİ,98
2027-08-13,LEFKOSA,BALIN ECZANESİ,55
2027-08-13,LEFKOSA,ÇELER ECZANESİ,55
2027-08-13,LEFKOSA,BEHAYİ YILMABAŞAR ECZANESİ,55
2027-08-13,MAGUSA,ECE ECZANESİ,55
2027-08-13,MAGUSA,NASİM ECZANESİ,55
2027-08-13,GIRNE,DÜNYA ECZANESİ,55
2027-08-13,GIRNE,NESRİN HATİPOĞLU ECZANESİ,55
2027-08-13,GIRNE,ÖZENİR ECZANESİ,55
2027-08-13,GUZELYURT,DOĞUŞ TÜRKBAYOĞLU ECZANESİ,55
2027-08-13,LEFKE,HATİCE SOYER ECZANESİ,55
2027-08-13,ISKELE,ERDEM SURURİ ECZANESİ,55
2027-08-13,KARPAZ_1,ERENKÖY ECZANESİ,98
2027-08-13,KARPAZ_2,MELEK İBRAHİM ECZANESİ,98
2027-08-14,LEFKOSA,DİLAY MENEKAY ECZANESİ,55
2027-08-14,LEFKOSA,DAMLA KARDÜZ ECZANESİ,55
2027-08-14,LEFKOSA,TULİS ECZANESİ,55
2027-08-14,MAGUSA,MEHMET ARTER ECZANESİ,55
2027-08-14,MAGUSA,UMUT ECZANESİ,55
2027-08-14,GIRNE,AŞAR ECZANESİ,55
2027-08-14,GIRNE,SHİMA ECZANESİ,55
2027-08-14,GIRNE,SOYERLER ECZANESİ,55
2027-08-14,GUZELYURT,GİLANLI ECZANESİ,55
2027-08-14,LEFKE,DERVİŞ KUTRET ECZANESİ,55
2027-08-14,ISKELE,SÜNMEZ ECZANESİ,55
2027-08-14,UST_MESARYA,MELİZ ECZANESİ,80
2027-08-14,ALT_MESARYA,DOĞUŞ ACARÖZ ECZANESİ,80
2027-08-14,KARPAZ_1,SAKINER ECZANESİ,98
2027-08-14,KARPAZ_2,OLGUN KAHYAOĞLU ECZANESİ,98
2027-08-15,LEFKOSA,HALKSEVER ECZANESİ,56
2027-08-15,LEFKOSA,ARZUM DAVULCU ECZANESİ,56
2027-08-15,LEFKOSA,ÇİSE YILDIRIM ECZANESİ,56
2027-08-15,MAGUSA,AYŞE ÖZBEYCAN ECZANESİ,56
2027-08-15,MAGUSA,ARAS ÖNCÜ ECZANESİ,56
2027-08-15,GIRNE,POSTACIOĞLU ECZANESİ,56
2027-08-15,GIRNE,RIZKI ECZANESİ,56
2027-08-15,GIRNE,AYDINLİFE ALSANCAK ECZANESİ,56
2027-08-15,GUZELYURT,ERİN ECZANESİ,56
2027-08-15,LEFKE,ŞİFA BİLDİR ECZANESİ,56
2027-08-15,ISKELE,AVİCENNA ECZANESİ,56
2027-08-15,UST_MESARYA,SERDARLI ECZANESİ,81
2027-08-15,ALT_MESARYA,PHARGAMOS ECZANESİ,81
2027-08-15,KARPAZ_1,BESİM SEVİNDİK ECZANESİ,98
2027-08-15,KARPAZ_2,FATMA KAHYAOĞLU ECZANESİ,98
2027-08-16,LEFKOSA,YENİKENT ECZANESİ,56
2027-08-16,LEFKOSA,VAİZ ECZANESİ,56
2027-08-16,LEFKOSA,NERGİS ECZANESİ,56
2027-08-16,MAGUSA,AYBENK ECZANESİ,56
2027-08-16,MAGUSA,NİLHAN SOYSAL ECZANESİ,56
2027-08-16,GIRNE,AYDIN LİFE ECZANESİ,56
2027-08-16,GIRNE,DİLARA ÖZHAMİT ECZANESİ,56
2027-08-16,GIRNE,ZEHRA KELEBEK ECZANESİ,56
2027-08-16,GUZELYURT,EMİNE ŞENTÜRK ECZANESİ,56
2027-08-16,LEFKE,AYŞE ALTINTUĞ ECZANESİ,56
2027-08-16,ISKELE,GÖKBERK ALP YAKAR ECZANESİ,56
2027-08-16,KARPAZ_1,KARPAZIN ECZANESİ,98
2027-08-16,KARPAZ_2,MELEK İBRAHİM ECZANESİ,98
2027-08-17,LEFKOSA,EMİNE KESKİN ECZANESİ,56
2027-08-17,LEFKOSA,BAHAR NURLUÖZ ECZANESİ,56
2027-08-17,LEFKOSA,EBRU BAŞAY ECZANESİ,56
2027-08-17,MAGUSA,NADİRE GÖKALP ECZANESİ,56
2027-08-17,MAGUSA,ODUNCUOĞLU ECZANESİ,56
2027-08-17,GIRNE,KANDİL ECZANESİ,56
2027-08-17,GIRNE,SEVİN ÇAĞAY ECZANESİ,56
2027-08-17,GIRNE,PINAR KEKLİK ECZANESİ,56
2027-08-17,GUZELYURT,ŞİFA SİPERCİ ECZANESİ,56
2027-08-17,LEFKE,ULUS ECZANESİ,56
2027-08-17,ISKELE,İSKELE ECZANESİ,56
2027-08-17,KARPAZ_1,ERENKÖY ECZANESİ,98
2027-08-17,KARPAZ_2,OLGUN KAHYAOĞLU ECZANESİ,98
2027-08-18,LEFKOSA,FERİN ECZANESİ,56
2027-08-18,LEFKOSA,AKDORA ECZANESİ,56
2027-08-18,LEFKOSA,ÇAĞIN KORKMAZER ECZANESİ,56
2027-08-18,MAGUSA,EMİR ECZANESİ,56
2027-08-18,MAGUSA,MELİKE DEMİRSÖZ ECZANESİ,56
2027-08-18,GIRNE,TURGAY PARALI ECZANESİ,56
2027-08-18,GIRNE,AŞAR KARAOĞLANOĞLU ECZANESİ,56
2027-08-18,GIRNE,ASRIN ÜMİT ECZANESİ,56
2027-08-18,GUZELYURT,AYCAN ECZANESİ,56
2027-08-18,LEFKE,ALTINCI ECZANESİ,56
2027-08-18,ISKELE,SELİN ECZANESİ,56
2027-08-18,KARPAZ_1,SAKINER ECZANESİ,98
2027-08-18,KARPAZ_2,FATMA KAHYAOĞLU ECZANESİ,98
2027-08-19,LEFKOSA,SEZER ECZANESİ,56
2027-08-19,LEFKOSA,EREN ECZANESİ,56
2027-08-19,LEFKOSA,NECATİBEY ECZANESİ,56
2027-08-19,MAGUSA,TURGUT KORHAN ECZANESİ,56
2027-08-19,MAGUSA,EYLÜL DALKILINÇ ECZANESİ,56
2027-08-19,GIRNE,BUĞÇE ECZANESİ,56
2027-08-19,GIRNE,KÜÇÜK ECZANESİ,56
2027-08-19,GIRNE,AHMET ÇAĞER ECZANESİ,56
2027-08-19,GUZELYURT,SEVİL ECZANESİ,56
2027-08-19,LEFKE,İLKSEN ECZANESİ,56
2027-08-19,ISKELE,ÖZBİRTAN ECZANESİ,56
2027-08-19,UST_MESARYA,YÜKSEL ECZANESİ,81
2027-08-19,ALT_MESARYA,GÜNER BİNBOĞA ECZANESİ,81
2027-08-19,KARPAZ_1,BESİM SEVİNDİK ECZANESİ,98
2027-08-19,KARPAZ_2,MELEK İBRAHİM ECZANESİ,98
2027-08-20,LEFKOSA,HARİKA OTAĞ ECZANESİ,56
2027-08-20,LEFKOSA,BERKE SEMERCİ ECZANESİ,56
2027-08-20,LEFKOSA,AKDENİZ ECZANESİ,56
2027-08-20,MAGUSA,MISRA ÖZBAY ECZANESİ,56
2027-08-20,MAGUSA,FUNDA ERSÖZLÜ ECZANESİ,56
2027-08-20,GIRNE,MUCİZEM ECZANESİ,56
2027-08-20,GIRNE,NURÇAĞ ECZANESİ,56
2027-08-20,GIRNE,BARIŞ ECZANESİ,56
2027-08-20,GUZELYURT,UYUMSAL ECZANESİ,56
2027-08-20,LEFKE,SIDIKA UMAR ECZANESİ,56
2027-08-20,ISKELE,MEVLÜT KAÇMAZ ECZANESİ,56
2027-08-20,KARPAZ_1,KARPAZIN ECZANESİ,98
2027-08-20,KARPAZ_2,OLGUN KAHYAOĞLU ECZANESİ,98
2027-08-21,LEFKOSA,YEŞİM ECZANESİ,56
2027-08-21,LEFKOSA,AYŞE BIYIKOĞLU ECZANESİ,56
2027-08-21,LEFKOSA,SAFİYE ÇAĞANSEL ECZANESİ,56
2027-08-21,MAGUSA,GÜZER ECZANESİ,56
2027-08-21,MAGUSA,İÇTEN ECZANESİ,56
2027-08-21,GIRNE,AYHAN ACARKAN ECZANESİ,56
2027-08-21,GIRNE,SELİN ESER ECZANESİ,56
2027-08-21,GIRNE,SALİM KARABEKİR ECZANESİ,56
2027-08-21,GUZELYURT,RESMİYE ESE ECZANESİ,56
2027-08-21,LEFKE,HATİCE SOYER ECZANESİ,56
2027-08-21,ISKELE,AVİCENNA ECZANESİ,56
2027-08-21,UST_MESARYA,ESER AVCI ECZANESİ,81
2027-08-21,ALT_MESARYA,GÜRSOY ECZANESİ,81
2027-08-21,KARPAZ_1,ERENKÖY ECZANESİ,98
2027-08-21,KARPAZ_2,FATMA KAHYAOĞLU ECZANESİ,98
2027-08-22,LEFKOSA,SEV ECZANESİ,56
2027-08-22,LEFKOSA,SEVAL KAYMAK ECZANESİ,56
2027-08-22,LEFKOSA,NECLA EMİN ECZANESİ,56
2027-08-22,MAGUSA,KUNTER GÜVEN ECZANESİ,56
2027-08-22,MAGUSA,HİÇKORKMAZ ECZANESİ,56
2027-08-22,GIRNE,RIZKI 2 ECZANESİ,56
2027-08-22,GIRNE,ŞULE YILDIZDOĞAN ECZANESİ,56
2027-08-22,GIRNE,MARYAM ECZANESİ,56
2027-08-22,GUZELYURT,SEDEF SONAT ECZANESİ,56
2027-08-22,LEFKE,DİLAN PUL ECZANESİ,56
2027-08-22,ISKELE,GÖKBERK ALP YAKAR ECZANESİ,56
2027-08-22,UST_MESARYA,GÖNÜL GÜRDAĞ ECZANESİ,81
2027-08-22,ALT_MESARYA,HOCANIN ECZANESİ,81
2027-08-22,KARPAZ_1,SAKINER ECZANESİ,98
2027-08-22,KARPAZ_2,MELEK İBRAHİM ECZANESİ,98
2027-08-23,LEFKOSA,KERMİYA ECZANESİ,56
2027-08-23,LEFKOSA,ADAHAN ECZANESİ,56
2027-08-23,LEFKOSA,ZEHRA ECZANESİ,56
2027-08-23,MAGUSA,VELİ ATEŞ ECZANESİ,56
2027-08-23,MAGUSA,KAĞAN KANDEMİR ECZANESİ,56
2027-08-23,GIRNE,ÖZGE ÖZÇINAR ECZANESİ,56
2027-08-23,GIRNE,KARAOĞLANOĞLU ECZANESİ,56
2027-08-23,GIRNE,AYDINLİFE ALSANCAK ECZANESİ,56
2027-08-23,GUZELYURT,SERCAN AVCI ECZANESİ,56
2027-08-23,LEFKE,OSMAN ULUŞAN ECZANESİ,56
2027-08-23,ISKELE,ERDEM SURURİ ECZANESİ,56
2027-08-23,KARPAZ_1,BESİM SEVİNDİK ECZANESİ,98
2027-08-23,KARPAZ_2,OLGUN KAHYAOĞLU ECZANESİ,98
2027-08-24,LEFKOSA,KEZİBAN TİLKİ ECZANESİ,57
2027-08-24,LEFKOSA,FULDEN DONANGİL ECZANESİ,57
2027-08-24,LEFKOSA,PERVİN ECZANESİ,57
2027-08-24,MAGUSA,HALKIN ECZANESİ,57
2027-08-24,MAGUSA,ASYA TEKBIYIK ECZANESİ,57
2027-08-24,GIRNE,MELİZ 2 ECZANESİ,57
2027-08-24,GIRNE,ORÇUN ÖZKASAP ECZANESİ,57
2027-08-24,GIRNE,SOYERLER ECZANESİ,57
2027-08-24,GUZELYURT,SEVİL ECZANESİ,57
2027-08-24,LEFKE,DERVİŞ KUTRET ECZANESİ,57
2027-08-24,ISKELE,NALAN ECZANESİ,57
2027-08-24,KARPAZ_1,KARPAZIN ECZANESİ,98
2027-08-24,KARPAZ_2,FATMA KAHYAOĞLU ECZANESİ,98
2027-08-25,LEFKOSA,DİMAY KAĞCAN ECZANESİ,57
2027-08-25,LEFKOSA,HÜSEYİN SAKALLI ECZANESİ,57
2027-08-25,LEFKOSA,FATMA YÜRÜN ECZANESİ,57
2027-08-25,MAGUSA,VEZİROĞLU ECZANESİ,57
2027-08-25,MAGUSA,GÖKÇEN İLKTAÇ ECZANESİ,57
2027-08-25,GIRNE,İPEK YÖNEY ECZANESİ,57
2027-08-25,GIRNE,TÖREN ECZANESİ,57
2027-08-25,GIRNE,PINAR KEKLİK ECZANESİ,57
2027-08-25,GUZELYURT,İLKİN SADRAZAM ECZANESİ,57
2027-08-25,LEFKE,ŞİFA BİLDİR ECZANESİ,57
2027-08-25,ISKELE,SELİN ECZANESİ,57
2027-08-25,KARPAZ_1,ERENKÖY ECZANESİ,98
2027-08-25,KARPAZ_2,MELEK İBRAHİM ECZANESİ,98
2027-08-26,LEFKOSA,ÖZNEM KILINÇKINI ECZANESİ,57
2027-08-26,LEFKOSA,LEFKOŞA ECZANESİ,57
2027-08-26,LEFKOSA,MUSTAFA GÜRMAN ECZANESİ,57
2027-08-26,MAGUSA,İNEM MİMAR ECZANESİ,57
2027-08-26,MAGUSA,ÇİSE SEZEREL ECZANESİ,57
2027-08-26,GIRNE,CENGİZ SOLMAZ ECZANESİ,57
2027-08-26,GIRNE,MEHMET KAMİLOĞLU ECZANESİ,57
2027-08-26,GIRNE,ZEHRA KELEBEK ECZANESİ,57
2027-08-26,GUZELYURT,SÜREYYA ÖZCOŞKUN ECZANESİ,57
2027-08-26,LEFKE,SIDIKA UMAR ECZANESİ,57
2027-08-26,ISKELE,PERTEV ZEKİ ECZANESİ,57
2027-08-26,UST_MESARYA,GÜLTEN VELİ ECZANESİ,81
2027-08-26,ALT_MESARYA,KINAY ECZANESİ,81
2027-08-26,KARPAZ_1,SAKINER ECZANESİ,98
2027-08-26,KARPAZ_2,OLGUN KAHYAOĞLU ECZANESİ,98
2027-08-27,LEFKOSA,İNCİRLİ ECZANESİ,57
2027-08-27,LEFKOSA,SERPİN ONAY ECZANESİ,57
2027-08-27,LEFKOSA,HAZAL REİS ECZANESİ,57
2027-08-27,MAGUSA,HALİL HAMZALAR ECZANESİ,57
2027-08-27,MAGUSA,MEHMETALİ BEYAZ ECZANESİ,57
2027-08-27,GIRNE,SEVİN ÇAĞAY ECZANESİ,57
2027-08-27,GIRNE,TÖRENSEL ECZANESİ,57
2027-08-27,GIRNE,ŞİFALI ECZANESİ,57
2027-08-27,GUZELYURT,ŞİFA SİPERCİ ECZANESİ,57
2027-08-27,LEFKE,AYŞE ALTINTUĞ ECZANESİ,57
2027-08-27,ISKELE,SEVİLAY PIRLANTA ECZANESİ,57
2027-08-27,KARPAZ_1,BESİM SEVİNDİK ECZANESİ,98
2027-08-27,KARPAZ_2,FATMA KAHYAOĞLU ECZANESİ,98
2027-08-28,LEFKOSA,ORHAN BERKE ECZANESİ,57
2027-08-28,LEFKOSA,ERTUNGA ECZANESİ,57
2027-08-28,LEFKOSA,OBA 2 ECZANESİ,57
2027-08-28,MAGUSA,BAHAR ECZANESİ,57
2027-08-28,MAGUSA,REZAN ECZANESİ,57
2027-08-28,GIRNE,GİRNE ECZANESİ,57
2027-08-28,GIRNE,ADAŞEHİR ECZANESİ,57
2027-08-28,GIRNE,AYŞEN ALTAN ECZANESİ,57
2027-08-28,GUZELYURT,AŞAR ECZANESİ,57
2027-08-28,LEFKE,ULUS ECZANESİ,57
2027-08-28,ISKELE,BUSE ULUÇAY ECZANESİ,57
2027-08-28,UST_MESARYA,MELİZ ECZANESİ,81
2027-08-28,ALT_MESARYA,KUDRET ECZANESİ,81
2027-08-28,KARPAZ_1,KARPAZIN ECZANESİ,98
2027-08-28,KARPAZ_2,MELEK İBRAHİM ECZANESİ,98
2027-08-29,LEFKOSA,DENİZ ÇORBA ECZANESİ,57
2027-08-29,LEFKOSA,DEREBOYU ECZANESİ,57
2027-08-29,LEFKOSA,YENİŞEHİR ECZANESİ,57
2027-08-29,MAGUSA,ÖREN ECZANESİ,57
2027-08-29,MAGUSA,BARIŞER ECZANESİ,57
2027-08-29,GIRNE,SETENAY BENGİSU ECZANESİ,57
2027-08-29,GIRNE,ENVER POLİLİ ECZANESİ,57
2027-08-29,GIRNE,ASRIN ÜMİT ECZANESİ,57
2027-08-29,GUZELYURT,AYCAN ECZANESİ,57
2027-08-29,LEFKE,İLKSEN ECZANESİ,57
2027-08-29,ISKELE,İSKELE ECZANESİ,57
2027-08-29,UST_MESARYA,SERDARLI ECZANESİ,81
2027-08-29,ALT_MESARYA,MEHMET HOCA ECZANESİ,81
2027-08-29,KARPAZ_1,ERENKÖY ECZANESİ,98
2027-08-29,KARPAZ_2,OLGUN KAHYAOĞLU ECZANESİ,98
2027-08-30,LEFKOSA,GÜLNUR ECZANESİ,57
2027-08-30,LEFKOSA,DİLAY KILÇIK ECZANESİ,57
2027-08-30,LEFKOSA,SEVGİ KIRBOĞA ECZANESİ,57
2027-08-30,MAGUSA,ZEYNEP ECZANESİ,57
2027-08-30,MAGUSA,BUĞÇE BAYRAM ECZANESİ,57
2027-08-30,GIRNE,EDA ATAÇAĞ ECZANESİ,57
2027-08-30,GIRNE,GÜNAY VARIŞ ECZANESİ,57
2027-08-30,GIRNE,NAZIM VARIŞ ECZANESİ,57
2027-08-30,GUZELYURT,EMİNE ŞENTÜRK ECZANESİ,57
2027-08-30,LEFKE,DİLAN PUL ECZANESİ,57
2027-08-30,ISKELE,AVİCENNA ECZANESİ,57
2027-08-30,UST_MESARYA,YÜKSEL ECZANESİ,81
2027-08-30,ALT_MESARYA,SERVET GÖKŞİN ECZANESİ,81
2027-08-30,KARPAZ_1,SAKINER ECZANESİ,98
2027-08-30,KARPAZ_2,FATMA KAHYAOĞLU ECZANESİ,98
2027-08-31,LEFKOSA,ATAER ECZANESİ,57
2027-08-31,LEFKOSA,BUSE AVCI ECZANESİ,57
2027-08-31,LEFKOSA,MALEK ECZANESİ,57
2027-08-31,MAGUSA,OSMANKAN ECZANESİ,57
2027-08-31,MAGUSA,KARAKOL ECZANESİ,57
2027-08-31,GIRNE,MELİS UZUN ECZANESİ,57
2027-08-31,GIRNE,ÖMRÜM ECZANESİ,57
2027-08-31,GIRNE,ÖZENİR ECZANESİ,57
2027-08-31,GUZELYURT,CAMCIOĞLU ECZANESİ,57
2027-08-31,LEFKE,ALTINCI ECZANESİ,57
2027-08-31,ISKELE,SULTAN TOPEL ECZANESİ,57
2027-08-31,KARPAZ_1,BESİM SEVİNDİK ECZANESİ,98
2027-08-31,KARPAZ_2,MELEK İBRAHİM ECZANESİ,98
2027-09-01,LEFKOSA,OBA ECZANESİ,58
2027-09-01,LEFKOSA,RANYA ECZANESİ,58
2027-09-01,LEFKOSA,SONUÇ ECZANESİ,58
2027-09-01,MAGUSA,LARNAKA YOLU ECZANESİ,58
2027-09-01,MAGUSA,AYBENK ECZANESİ,58
2027-09-01,GIRNE,TÖREN 2 ECZANESİ,58
2027-09-01,GIRNE,ZİYA SENCER ECZANESİ,58
2027-09-01,GIRNE,SALİM KARABEKİR ECZANESİ,58
2027-09-01,GUZELYURT,DOĞUŞ TÜRKBAYOĞLU ECZANESİ,58
2027-09-01,LEFKE,HATİCE SOYER ECZANESİ,58
2027-09-01,ISKELE,SÜNMEZ ECZANESİ,58
2027-09-01,KARPAZ_1,KARPAZIN ECZANESİ,99
2027-09-01,KARPAZ_2,OLGUN KAHYAOĞLU ECZANESİ,99
2027-09-02,LEFKOSA,DAĞMAN ECZANESİ,58
2027-09-02,LEFKOSA,BİLGE TÜRKSEVEN ECZANESİ,58
2027-09-02,LEFKOSA,ARASTA ECZANESİ,58
2027-09-02,MAGUSA,MELİKE BARBAROS ECZANESİ,58
2027-09-02,MAGUSA,SERHAT BAYBORA ECZANESİ,58
2027-09-02,GIRNE,DİLARA ÖZHAMİT ECZANESİ,58
2027-09-02,GIRNE,MEHMET GAZİ KÖYLÜ ECZANESİ,58
2027-09-02,GIRNE,ASRIN ÜMİT ECZANESİ,58
2027-09-02,GUZELYURT,EMİNE ŞENTÜRK ECZANESİ,58
2027-09-02,LEFKE,ŞİFA BİLDİR ECZANESİ,58
2027-09-02,ISKELE,SELİN ECZANESİ,58
2027-09-02,UST_MESARYA,ESER AVCI ECZANESİ,81
2027-09-02,ALT_MESARYA,PHARGAMOS ECZANESİ,81
2027-09-02,KARPAZ_1,ERENKÖY ECZANESİ,99
2027-09-02,KARPAZ_2,FATMA KAHYAOĞLU ECZANESİ,99
2027-09-03,LEFKOSA,DİLEM UZCAN ECZANESİ,58
2027-09-03,LEFKOSA,NELİN ECZANESİ,58
2027-09-03,LEFKOSA,FATMA AŞİNA ECZANESİ,58
2027-09-03,MAGUSA,TURGUT KORHAN ECZANESİ,58
2027-09-03,MAGUSA,MISRA ÖZBAY ECZANESİ,58
2027-09-03,GIRNE,TÖREN ECZANESİ,58
2027-09-03,GIRNE,RIZKI ECZANESİ,58
2027-09-03,GIRNE,MARYAM ECZANESİ,58
2027-09-03,GUZELYURT,ERİN ECZANESİ,58
2027-09-03,LEFKE,DERVİŞ KUTRET ECZANESİ,58
2027-09-03,ISKELE,NALAN ECZANESİ,58
2027-09-03,KARPAZ_1,SAKINER ECZANESİ,99
2027-09-03,KARPAZ_2,MELEK İBRAHİM ECZANESİ,99
2027-09-04,LEFKOSA,ÖZÇALIŞKAN ECZANESİ,58
2027-09-04,LEFKOSA,SUDE UZUN ECZANESİ,58
2027-09-04,LEFKOSA,ÇINARLI ECZANESİ,58
2027-09-04,MAGUSA,SÜAY SEVİNÇ ECZANESİ,58
2027-09-04,MAGUSA,ÇAĞKAN AKSOY ECZANESİ,58
2027-09-04,GIRNE,ŞULE YILDIZDOĞAN ECZANESİ,58
2027-09-04,GIRNE,EMİNAĞA ECZANESİ,58
2027-09-04,GIRNE,AYDINLİFE ALSANCAK ECZANESİ,58
2027-09-04,GUZELYURT,GİLANLI ECZANESİ,58
2027-09-04,LEFKE,OSMAN ULUŞAN ECZANESİ,58
2027-09-04,ISKELE,ERDEM SURURİ ECZANESİ,58
2027-09-04,UST_MESARYA,GÖNÜL GÜRDAĞ ECZANESİ,81
2027-09-04,ALT_MESARYA,MEHMET TUT ECZANESİ,81
2027-09-04,KARPAZ_1,BESİM SEVİNDİK ECZANESİ,99
2027-09-04,KARPAZ_2,OLGUN KAHYAOĞLU ECZANESİ,99
2027-09-05,LEFKOSA,MİEL ECZANESİ,58
2027-09-05,LEFKOSA,YONCA HATİPOĞLU ECZANESİ,58
2027-09-05,LEFKOSA,APAYDIN ECZANESİ,58
2027-09-05,MAGUSA,ADA ECZANESİ,58
2027-09-05,MAGUSA,ZERİN VOLKAN ECZANESİ,58
2027-09-05,GIRNE,AŞAR KARAOĞLANOĞLU ECZANESİ,58
2027-09-05,GIRNE,SEVİN ÇAĞAY ECZANESİ,58
2027-09-05,GIRNE,AYŞEN ALTAN ECZANESİ,58
2027-09-05,GUZELYURT,İLKİN SADRAZAM ECZANESİ,58
2027-09-05,LEFKE,SIDIKA UMAR ECZANESİ,58
2027-09-05,ISKELE,SÜNMEZ ECZANESİ,58
2027-09-05,UST_MESARYA,GÜLTEN VELİ ECZANESİ,81
2027-09-05,ALT_MESARYA,VADİLİ ECZANESİ,81
2027-09-05,KARPAZ_1,KARPAZIN ECZANESİ,99
2027-09-05,KARPAZ_2,FATMA KAHYAOĞLU ECZANESİ,99
2027-09-06,LEFKOSA,CEMİLE FIRINCIOĞLULARI ECZANESİ,58
2027-09-06,LEFKOSA,İSMET ECZANESİ,58
2027-09-06,LEFKOSA,SEYRANTEPE ECZANESİ,58
2027-09-06,MAGUSA,HACER BALIKÇI ECZANESİ,58
2027-09-06,MAGUSA,AYŞE ÖZBEYCAN ECZANESİ,58
2027-09-06,GIRNE,NEJLA ERÇAL ECZANESİ,58
2027-09-06,GIRNE,ÖZGE ÖZÇINAR ECZANESİ,58
2027-09-06,GIRNE,BARIŞ ECZANESİ,58
2027-09-06,GUZELYURT,İNCİ ECZANESİ,58
2027-09-06,LEFKE,İLKSEN ECZANESİ,58
2027-09-06,ISKELE,BUSE ULUÇAY ECZANESİ,58
2027-09-06,KARPAZ_1,ERENKÖY ECZANESİ,99
2027-09-06,KARPAZ_2,MELEK İBRAHİM ECZANESİ,99
2027-09-07,LEFKOSA,UMUT ÖKSÜZ ECZANESİ,58
2027-09-07,LEFKOSA,TÜRKAN ŞENTİP ECZANESİ,58
2027-09-07,LEFKOSA,ARDA ULUPINAR ECZANESİ,58
2027-09-07,MAGUSA,ARAS ÖNCÜ ECZANESİ,58
2027-09-07,MAGUSA,ÇİSEM ECZANESİ,58
2027-09-07,GIRNE,GİRNE ECZANESİ,58
2027-09-07,GIRNE,GÜNDAL ECZANESİ,58
2027-09-07,GIRNE,PINAR KEKLİK ECZANESİ,58
2027-09-07,GUZELYURT,NİLGÜN ECZANESİ,58
2027-09-07,LEFKE,ULUS ECZANESİ,58
2027-09-07,ISKELE,SULTAN TOPEL ECZANESİ,58
2027-09-07,KARPAZ_1,SAKINER ECZANESİ,99
2027-09-07,KARPAZ_2,OLGUN KAHYAOĞLU ECZANESİ,99
2027-09-08,LEFKOSA,IŞIK KEREM ECZANESİ,58
2027-09-08,LEFKOSA,DİDEM ÖZKAYALI ECZANESİ,58
2027-09-08,LEFKOSA,ÇELER ECZANESİ,58
2027-09-08,MAGUSA,GÜZER ECZANESİ,58
2027-09-08,MAGUSA,ODUNCUOĞLU ECZANESİ,58
2027-09-08,GIRNE,MEHMET KAMİLOĞLU ECZANESİ,58
2027-09-08,GIRNE,ORÇUN ÖZKASAP ECZANESİ,58
2027-09-08,GIRNE,ÖZENİR ECZANESİ,58
2027-09-08,GUZELYURT,PEMBE SADIKOĞLU ECZANESİ,58
2027-09-08,LEFKE,ALTINCI ECZANESİ,58
2027-09-08,ISKELE,ÖZBİRTAN ECZANESİ,58
2027-09-08,KARPAZ_1,BESİM SEVİNDİK ECZANESİ,99
2027-09-08,KARPAZ_2,FATMA KAHYAOĞLU ECZANESİ,99
2027-09-09,LEFKOSA,ÖZVOL ECZANESİ,58
2027-09-09,LEFKOSA,İZEM ECZANESİ,58
2027-09-09,LEFKOSA,MUSTAFA PEHLİVAN ECZANESİ,58
2027-09-09,MAGUSA,HANDE BESMEL ECZANESİ,58
2027-09-09,MAGUSA,GİZEM KARAHASAN ECZANESİ,58
2027-09-09,GIRNE,DOĞAN BAŞAK ECZANESİ,58
2027-09-09,GIRNE,MELİSA İŞİMTEKİN ECZANESİ,58
2027-09-09,GIRNE,SOYERLER ECZANESİ,58
2027-09-09,GUZELYURT,RESMİYE ESE ECZANESİ,58
2027-09-09,LEFKE,AYŞE ALTINTUĞ ECZANESİ,58
2027-09-09,ISKELE,SEVİLAY PIRLANTA ECZANESİ,58
2027-09-09,UST_MESARYA,MELİZ ECZANESİ,81
2027-09-09,ALT_MESARYA,BUĞRA ECZANESİ,81
2027-09-09,KARPAZ_1,KARPAZIN ECZANESİ,99
2027-09-09,KARPAZ_2,MELEK İBRAHİM ECZANESİ,99
2027-09-10,LEFKOSA,NİLCAN YAVUZCAN ECZANESİ,59
2027-09-10,LEFKOSA,MOR SAFİR ECZANESİ,59
2027-09-10,LEFKOSA,SÖZÜÖZ ECZANESİ,59
2027-09-10,MAGUSA,SÜMER ECZANESİ,59
2027-09-10,MAGUSA,UZAY ECZANESİ,59
2027-09-10,GIRNE,EDA ATAÇAĞ ECZANESİ,59
2027-09-10,GIRNE,SELİN ESER ECZANESİ,59
2027-09-10,GIRNE,ŞİFALI ECZANESİ,59
2027-09-10,GUZELYURT,SEDEF SONAT ECZANESİ,59
2027-09-10,LEFKE,OSMAN ULUŞAN ECZANESİ,59
2027-09-10,ISKELE,GÖKBERK ALP YAKAR ECZANESİ,59
2027-09-10,KARPAZ_1,ERENKÖY ECZANESİ,99
2027-09-10,KARPAZ_2,OLGUN KAHYAOĞLU ECZANESİ,99
2027-09-11,LEFKOSA,CEMALİYE AĞAOĞLU ECZANESİ,59
2027-09-11,LEFKOSA,SERKAN KERVAN ECZANESİ,59
2027-09-11,LEFKOSA,ÇAĞANSOY ECZANESİ,59
2027-09-11,MAGUSA,ÖZNERGİS ECZANESİ,59
2027-09-11,MAGUSA,ECE ECZANESİ,59
2027-09-11,GIRNE,MELİZ 2 ECZANESİ,59
2027-09-11,GIRNE,KANDİL ECZANESİ,59
2027-09-11,GIRNE,NAZIM VARIŞ ECZANESİ,59
2027-09-11,GUZELYURT,SERCAN AVCI ECZANESİ,59
2027-09-11,LEFKE,ŞİFA BİLDİR ECZANESİ,59
2027-09-11,ISKELE,SELİN ECZANESİ,59
2027-09-11,UST_MESARYA,SERDARLI ECZANESİ,81
2027-09-11,ALT_MESARYA,DOĞUŞ ACARÖZ ECZANESİ,81
2027-09-11,KARPAZ_1,SAKINER ECZANESİ,99
2027-09-11,KARPAZ_2,FATMA KAHYAOĞLU ECZANESİ,99
2027-09-12,LEFKOSA,ALPDOĞAN ECZANESİ,59
2027-09-12,LEFKOSA,ERSAĞ ECZANESİ,59
2027-09-12,LEFKOSA,GALEN ECZANESİ,59
2027-09-12,MAGUSA,SAKARYA ECZANESİ,59
2027-09-12,MAGUSA,ASYA TEKBIYIK ECZANESİ,59
2027-09-12,GIRNE,İBRAHİM BARDAK ECZANESİ,59
2027-09-12,GIRNE,POSTACIOĞLU ECZANESİ,59
2027-09-12,GIRNE,AHMET ÇAĞER ECZANESİ,59
2027-09-12,GUZELYURT,SEVİL ECZANESİ,59
2027-09-12,LEFKE,HATİCE SOYER ECZANESİ,59
2027-09-12,ISKELE,MEVLÜT KAÇMAZ ECZANESİ,59
2027-09-12,UST_MESARYA,YÜKSEL ECZANESİ,81
2027-09-12,ALT_MESARYA,DÖRTYOL ECZANESİ,81
2027-09-12,KARPAZ_1,BESİM SEVİNDİK ECZANESİ,99
2027-09-12,KARPAZ_2,MELEK İBRAHİM ECZANESİ,99
2027-09-13,LEFKOSA,KAPTANCAN ECZANESİ,59
2027-09-13,LEFKOSA,GÜNEY ENGİNOL ECZANESİ,59
2027-09-13,LEFKOSA,AKDORA ECZANESİ,59
2027-09-13,MAGUSA,ÖZGE KALE ECZANESİ,59
2027-09-13,MAGUSA,PETEK ECZANESİ,59
2027-09-13,GIRNE,ADAŞEHİR ECZANESİ,59
2027-09-13,GIRNE,AYLAND ECZANESİ,59
2027-09-13,GIRNE,SALİM KARABEKİR ECZANESİ,59
2027-09-13,GUZELYURT,ŞİFA SİPERCİ ECZANESİ,59
2027-09-13,LEFKE,ULUS ECZANESİ,59
2027-09-13,ISKELE,İSKELE ECZANESİ,59
2027-09-13,KARPAZ_1,KARPAZIN ECZANESİ,99
2027-09-13,KARPAZ_2,OLGUN KAHYAOĞLU ECZANESİ,99
2027-09-14,LEFKOSA,ÇAĞRI CANDANAL ECZANESİ,59
2027-09-14,LEFKOSA,EBRU BAŞAY ECZANESİ,59
2027-09-14,LEFKOSA,AKDENİZ ECZANESİ,59
2027-09-14,MAGUSA,VELİ NURLUÖZ ECZANESİ,59
2027-09-14,MAGUSA,ASLI EREN ECZANESİ,59
2027-09-14,GIRNE,ARDA ÇELİK ECZANESİ,59
2027-09-14,GIRNE,BUĞÇE ECZANESİ,59
2027-09-14,GIRNE,MARYAM ECZANESİ,59
2027-09-14,GUZELYURT,SÜREYYA ÖZCOŞKUN ECZANESİ,59
2027-09-14,LEFKE,İLKSEN ECZANESİ,59
2027-09-14,ISKELE,SEVİLAY PIRLANTA ECZANESİ,59
2027-09-14,KARPAZ_1,ERENKÖY ECZANESİ,99
2027-09-14,KARPAZ_2,FATMA KAHYAOĞLU ECZANESİ,99
2027-09-15,LEFKOSA,MERVE BİLLUR ECZANESİ,59
2027-09-15,LEFKOSA,LADEN AKBATUR ECZANESİ,59
2027-09-15,LEFKOSA,ABBASOĞLU ECZANESİ,59
2027-09-15,MAGUSA,MEVA ECZANESİ,59
2027-09-15,MAGUSA,BAHAR ECZANESİ,59
2027-09-15,GIRNE,DÜNYA ECZANESİ,59
2027-09-15,GIRNE,GÜNAY VARIŞ ECZANESİ,59
2027-09-15,GIRNE,ÖZENİR ECZANESİ,59
2027-09-15,GUZELYURT,UYUMSAL ECZANESİ,59
2027-09-15,LEFKE,SIDIKA UMAR ECZANESİ,59
2027-09-15,ISKELE,MEVLÜT KAÇMAZ ECZANESİ,59
2027-09-15,KARPAZ_1,SAKINER ECZANESİ,99
2027-09-15,KARPAZ_2,MELEK İBRAHİM ECZANESİ,99
2027-09-16,LEFKOSA,BUSE KARŞILI ECZANESİ,59
2027-09-16,LEFKOSA,YELİM ECZANESİ,59
2027-09-16,LEFKOSA,BALIN ECZANESİ,59
2027-09-16,MAGUSA,NASİM ECZANESİ,59
2027-09-16,MAGUSA,DEMET ECZANESİ,59
2027-09-16,GIRNE,ERDOĞAN ÖZİKİZ ECZANESİ,59
2027-09-16,GIRNE,NURÇAĞ ECZANESİ,59
2027-09-16,GIRNE,AYŞEN ALTAN ECZANESİ,59
2027-09-16,GUZELYURT,AŞAR ECZANESİ,59
2027-09-16,LEFKE,DERVİŞ KUTRET ECZANESİ,59
2027-09-16,ISKELE,SULTAN TOPEL ECZANESİ,59
2027-09-16,UST_MESARYA,ESER AVCI ECZANESİ,81
2027-09-16,ALT_MESARYA,GÜNER BİNBOĞA ECZANESİ,81
2027-09-16,KARPAZ_1,BESİM SEVİNDİK ECZANESİ,99
2027-09-16,KARPAZ_2,OLGUN KAHYAOĞLU ECZANESİ,99
2027-09-17,LEFKOSA,KIZILBAŞ ECZANESİ,59
2027-09-17,LEFKOSA,GÜLİSTAN ARICI ECZANESİ,59
2027-09-17,LEFKOSA,EMİNE KESKİN ECZANESİ,59
2027-09-17,MAGUSA,NİLHAN SOYSAL ECZANESİ,59
2027-09-17,MAGUSA,RANA YONTAR ECZANESİ,59
2027-09-17,GIRNE,ALENBAY ECZANESİ,59
2027-09-17,GIRNE,AYHAN ACARKAN ECZANESİ,59
2027-09-17,GIRNE,SOYERLER ECZANESİ,59
2027-09-17,GUZELYURT,AYCAN ECZANESİ,59
2027-09-17,LEFKE,ALTINCI ECZANESİ,59
2027-09-17,ISKELE,AVİCENNA ECZANESİ,59
2027-09-17,KARPAZ_1,KARPAZIN ECZANESİ,99
2027-09-17,KARPAZ_2,FATMA KAHYAOĞLU ECZANESİ,99
2027-09-18,LEFKOSA,ORTAKÖY ECZANESİ,59
2027-09-18,LEFKOSA,DİLEK ECZANESİ,59
2027-09-18,LEFKOSA,İSFENDİYAROĞLU ECZANESİ,59
2027-09-18,MAGUSA,SEMAHAT ATAYOL ECZANESİ,59
2027-09-18,MAGUSA,BURCU GÖKALP ECZANESİ,59
2027-09-18,GIRNE,MELİS UZUN ECZANESİ,59
2027-09-18,GIRNE,AYDIN LİFE ECZANESİ,59
2027-09-18,GIRNE,ZEHRA KELEBEK ECZANESİ,59
2027-09-18,GUZELYURT,CAMCIOĞLU ECZANESİ,59
2027-09-18,LEFKE,DİLAN PUL ECZANESİ,59
2027-09-18,ISKELE,GÖKBERK ALP YAKAR ECZANESİ,59
2027-09-18,UST_MESARYA,GÖNÜL GÜRDAĞ ECZANESİ,81
2027-09-18,ALT_MESARYA,GÜRSOY ECZANESİ,81
2027-09-18,KARPAZ_1,ERENKÖY ECZANESİ,99
2027-09-18,KARPAZ_2,MELEK İBRAHİM ECZANESİ,99
2027-09-19,LEFKOSA,YUSUF TANDOĞAN ECZANESİ,60
2027-09-19,LEFKOSA,CANEŞ ECZANESİ,60
2027-09-19,LEFKOSA,SEVGİ KARABEKİR ECZANESİ,60
2027-09-19,MAGUSA,ERGİN ECZANESİ,60
2027-09-19,MAGUSA,EMİR ECZANESİ,60
2027-09-19,GIRNE,MUCİZEM ECZANESİ,60
2027-09-19,GIRNE,NESRİN HATİPOĞLU ECZANESİ,60
2027-09-19,GIRNE,ŞİFALI ECZANESİ,60
2027-09-19,GUZELYURT,DOĞUŞ TÜRKBAYOĞLU ECZANESİ,60
2027-09-19,LEFKE,AYŞE ALTINTUĞ ECZANESİ,60
2027-09-19,ISKELE,İSKELE ECZANESİ,60
2027-09-19,UST_MESARYA,GÜLTEN VELİ ECZANESİ,81
2027-09-19,ALT_MESARYA,HOCANIN ECZANESİ,81
2027-09-19,KARPAZ_1,SAKINER ECZANESİ,99
2027-09-19,KARPAZ_2,OLGUN KAHYAOĞLU ECZANESİ,99
2027-09-20,LEFKOSA,SEZER ECZANESİ,60
2027-09-20,LEFKOSA,SÜHEYLA AŞAN ECZANESİ,60
2027-09-20,LEFKOSA,ŞERİFE ADEMOĞULLARI ECZANESİ,60
2027-09-20,MAGUSA,AYŞEM ÇİL ECZANESİ,60
2027-09-20,MAGUSA,ULUÇAY ECZANESİ,60
2027-09-20,GIRNE,ENVER POLİLİ ECZANESİ,60
2027-09-20,GIRNE,KÜÇÜK ECZANESİ,60
2027-09-20,GIRNE,AYDINLİFE ALSANCAK ECZANESİ,60
2027-09-20,GUZELYURT,EMİNE ŞENTÜRK ECZANESİ,60
2027-09-20,LEFKE,ŞİFA BİLDİR ECZANESİ,60
2027-09-20,ISKELE,SÜNMEZ ECZANESİ,60
2027-09-20,KARPAZ_1,BESİM SEVİNDİK ECZANESİ,99
2027-09-20,KARPAZ_2,FATMA KAHYAOĞLU ECZANESİ,99
2027-09-21,LEFKOSA,BAHİRE ÖZSU AKDOĞAN ECZANESİ,60
2027-09-21,LEFKOSA,NERİMAN KARATAÇ ECZANESİ,60
2027-09-21,LEFKOSA,LAİKA GÖKÇEKUŞ ECZANESİ,60
2027-09-21,MAGUSA,EYLÜL DALKILINÇ ECZANESİ,60
2027-09-21,MAGUSA,UMUT ECZANESİ,60
2027-09-21,GIRNE,CENGİZ SOLMAZ ECZANESİ,60
2027-09-21,GIRNE,SETENAY BENGİSU ECZANESİ,60
2027-09-21,GIRNE,BARIŞ ECZANESİ,60
2027-09-21,GUZELYURT,ERİN ECZANESİ,60
2027-09-21,LEFKE,SIDIKA UMAR ECZANESİ,60
2027-09-21,ISKELE,PERTEV ZEKİ ECZANESİ,60
2027-09-21,KARPAZ_1,KARPAZIN ECZANESİ,100
2027-09-21,KARPAZ_2,MELEK İBRAHİM ECZANESİ,100
2027-09-22,LEFKOSA,DAMLA KARDÜZ ECZANESİ,60
2027-09-22,LEFKOSA,SEVCAN ECZANESİ,60
2027-09-22,LEFKOSA,BAHAR NURLUÖZ ECZANESİ,60
2027-09-22,MAGUSA,ÖREN ECZANESİ,60
2027-09-22,MAGUSA,HİÇKORKMAZ ECZANESİ,60
2027-09-22,GIRNE,AŞAR ECZANESİ,60
2027-09-22,GIRNE,KARAOĞLANOĞLU ECZANESİ,60
2027-09-22,GIRNE,AHMET ÇAĞER ECZANESİ,60
2027-09-22,GUZELYURT,GİLANLI ECZANESİ,60
2027-09-22,LEFKE,DİLAN PUL ECZANESİ,60
2027-09-22,ISKELE,SELİN ECZANESİ,60
2027-09-22,KARPAZ_1,ERENKÖY ECZANESİ,100
2027-09-22,KARPAZ_2,OLGUN KAHYAOĞLU ECZANESİ,100
2027-09-23,LEFKOSA,GÖNYELİ ECZANESİ,60
2027-09-23,LEFKOSA,LA PHARMA ECZANESİ,60
2027-09-23,LEFKOSA,SABİHA BULDUK ECZANESİ,60
2027-09-23,MAGUSA,OSMANKAN ECZANESİ,60
2027-09-23,MAGUSA,ERTUĞ EMİN ECZANESİ,60
2027-09-23,GIRNE,ILGEN ECZANESİ,60
2027-09-23,GIRNE,TÖRENSEL ECZANESİ,60
2027-09-23,GIRNE,SALİM KARABEKİR ECZANESİ,60
2027-09-23,GUZELYURT,İLKİN SADRAZAM ECZANESİ,60
2027-09-23,LEFKE,HATİCE SOYER ECZANESİ,60
2027-09-23,ISKELE,AVİCENNA ECZANESİ,60
2027-09-23,UST_MESARYA,MELİZ ECZANESİ,81
2027-09-23,ALT_MESARYA,KINAY ECZANESİ,81
2027-09-23,KARPAZ_1,SAKINER ECZANESİ,100
2027-09-23,KARPAZ_2,FATMA KAHYAOĞLU ECZANESİ,100
2027-09-24,LEFKOSA,ÜLKER POZAN ECZANESİ,60
2027-09-24,LEFKOSA,GÜLİZAR ÖZTEKNİK ECZANESİ,60
2027-09-24,LEFKOSA,HALKSEVER ECZANESİ,60
2027-09-24,MAGUSA,LARNAKA YOLU ECZANESİ,60
2027-09-24,MAGUSA,KAĞAN KANDEMİR ECZANESİ,60
2027-09-24,GIRNE,ŞULE YILDIZDOĞAN ECZANESİ,60
2027-09-24,GIRNE,İPEK YÖNEY ECZANESİ,60
2027-09-24,GIRNE,NAZIM VARIŞ ECZANESİ,60
2027-09-24,GUZELYURT,İNCİ ECZANESİ,60
2027-09-24,LEFKE,DERVİŞ KUTRET ECZANESİ,60
2027-09-24,ISKELE,SEVİLAY PIRLANTA ECZANESİ,60
2027-09-24,KARPAZ_1,BESİM SEVİNDİK ECZANESİ,100
2027-09-24,KARPAZ_2,MELEK İBRAHİM ECZANESİ,100
2027-09-25,LEFKOSA,GÖNÜL ECZANESİ,60
2027-09-25,LEFKOSA,PAPATYAM ECZANESİ,60
2027-09-25,LEFKOSA,TUNA ECZANESİ,60
2027-09-25,MAGUSA,MELİKE DEMİRSÖZ ECZANESİ,60
2027-09-25,MAGUSA,NADİRE GÖKALP ECZANESİ,60
2027-09-25,GIRNE,TURGAY PARALI ECZANESİ,60
2027-09-25,GIRNE,SOYERLER 1 ECZANESİ,60
2027-09-25,GIRNE,MARYAM ECZANESİ,60
2027-09-25,GUZELYURT,SÜREYYA ÖZCOŞKUN ECZANESİ,60
2027-09-25,LEFKE,ALTINCI ECZANESİ,60
2027-09-25,ISKELE,NALAN ECZANESİ,60
2027-09-25,UST_MESARYA,SERDARLI ECZANESİ,81
2027-09-25,ALT_MESARYA,KUDRET ECZANESİ,81
2027-09-25,KARPAZ_1,KARPAZIN ECZANESİ,100
2027-09-25,KARPAZ_2,OLGUN KAHYAOĞLU ECZANESİ,100
2027-09-26,LEFKOSA,CEMRE ECZANESİ,60
2027-09-26,LEFKOSA,İMGE ECZANESİ,60
2027-09-26,LEFKOSA,CEVHER ECZANESİ,60
2027-09-26,MAGUSA,FAYDALI ECZANESİ,60
2027-09-26,MAGUSA,TANYA SALİMER ECZANESİ,60
2027-09-26,GIRNE,ÖMRÜM ECZANESİ,60
2027-09-26,GIRNE,ÖZGE ÖZÇINAR ECZANESİ,60
2027-09-26,GIRNE,PINAR KEKLİK ECZANESİ,60
2027-09-26,GUZELYURT,PEMBE SADIKOĞLU ECZANESİ,60
2027-09-26,LEFKE,ULUS ECZANESİ,60
2027-09-26,ISKELE,ÖZBİRTAN ECZANESİ,60
2027-09-26,UST_MESARYA,YÜKSEL ECZANESİ,81
2027-09-26,ALT_MESARYA,MEHMET HOCA ECZANESİ,81
2027-09-26,KARPAZ_1,ERENKÖY ECZANESİ,100
2027-09-26,KARPAZ_2,FATMA KAHYAOĞLU ECZANESİ,100
